customer_id,idade,renda,plano,tempo_cliente,qtd_chamados,atraso_pagamento,churn
1,22,4572,basic,3,9,0,1
2,58,2440,premium,43,7,0,1
3,52,10155,premium,13,4,0,0
4,40,10879,basic,42,0,0,0
5,40,12043,basic,34,1,0,0
6,62,14356,basic,12,2,0,0
7,22,8465,premium,28,4,0,0
8,54,12778,premium,3,8,1,1
9,28,11311,premium,42,1,0,0
10,22,5603,basic,18,5,0,0
11,45,12986,basic,23,3,0,0
12,68,2693,basic,10,0,0,0
13,56,9785,basic,22,6,0,1
14,57,14224,premium,24,7,0,1
15,55,10566,basic,14,9,0,1
16,58,14181,basic,58,5,1,1
17,44,2730,basic,17,3,0,0
18,24,8921,basic,11,8,1,1
19,61,12147,premium,33,2,0,0
20,41,10350,basic,19,6,0,1
21,44,13446,enterprise,27,9,1,1
22,37,8013,premium,43,0,1,1
23,27,10873,premium,5,9,0,1
24,66,7456,premium,31,2,0,0
25,58,13337,premium,2,4,0,0
26,51,3552,premium,3,2,0,0
27,38,5303,basic,6,1,0,0
28,60,3257,basic,10,7,0,1
29,46,11127,basic,21,4,0,0
30,41,5025,basic,56,5,0,0
31,41,6122,basic,54,4,1,1
32,29,12876,premium,7,7,0,1
33,22,6682,basic,59,9,0,1
34,46,3895,basic,38,5,0,0
35,64,2272,premium,33,1,0,0
36,21,4947,basic,47,3,0,0
37,62,13890,premium,29,4,1,1
38,61,9131,basic,16,1,0,0
39,32,14932,premium,32,2,0,0
40,50,4796,premium,43,2,0,0
41,26,6569,basic,41,9,0,1
42,57,4121,basic,11,4,0,0
43,54,7178,basic,56,8,0,1
44,36,9323,basic,17,5,0,0
45,21,12505,basic,49,5,0,0
46,68,6785,enterprise,19,9,1,1
47,41,12029,basic,4,6,0,1
48,64,10140,premium,59,2,0,0
49,53,5793,basic,35,2,0,0
50,58,13858,enterprise,13,6,1,1
51,57,7645,basic,1,0,0,0
52,28,3962,basic,8,1,0,0
53,36,14515,basic,11,0,0,0
54,42,13874,basic,55,7,0,1
55,43,2644,premium,11,4,1,1
56,20,13732,basic,10,0,1,1
57,46,14315,basic,50,7,0,1
58,26,12778,basic,52,6,0,1
59,56,5314,premium,13,7,1,1
60,53,10206,basic,39,1,0,0
61,65,8997,basic,32,8,0,1
62,56,10061,basic,35,1,1,1
63,37,10013,basic,19,5,0,0
64,68,10309,basic,45,5,0,0
65,39,8682,enterprise,52,2,0,0
66,34,10976,basic,43,3,0,0
67,65,8845,premium,54,0,0,0
68,37,2214,basic,7,4,0,0
69,21,2458,basic,39,6,0,1
70,42,14455,basic,59,3,0,0
71,59,13820,basic,32,5,0,0
72,27,9612,basic,56,9,1,1
73,42,4269,basic,21,2,0,0
74,24,12159,basic,53,2,0,0
75,53,3862,enterprise,56,1,0,0
76,42,6904,basic,37,5,0,0
77,35,6288,basic,42,2,0,0
78,29,2161,basic,31,8,0,1
79,47,12491,basic,19,2,0,0
80,52,8626,premium,32,6,0,1
81,66,6111,basic,57,1,0,0
82,40,8593,basic,1,3,0,0
83,26,2000,basic,13,1,0,0
84,61,7680,basic,30,5,0,0
85,50,8754,enterprise,21,0,0,0
86,54,6416,basic,37,0,0,0
87,23,12794,premium,22,5,0,0
88,34,5247,basic,39,5,0,0
89,57,3791,enterprise,7,3,0,0
90,61,8858,basic,20,4,0,0
91,40,13534,basic,41,4,0,0
92,59,6878,premium,28,7,0,1
93,61,2606,basic,43,4,0,0
94,38,14609,basic,38,8,0,1
95,64,7775,enterprise,20,2,0,0
96,32,4248,basic,26,1,1,1
97,30,10002,premium,57,4,0,0
98,53,6155,premium,57,0,0,0
99,51,14191,premium,3,6,0,1
100,25,5821,premium,42,3,0,0
101,61,9151,basic,29,3,0,0
102,28,9063,basic,1,5,0,0
103,59,5151,basic,38,0,0,0
104,18,8490,premium,2,3,0,0
105,59,3417,premium,19,9,0,1
106,58,10368,basic,41,6,0,1
107,58,11858,basic,48,5,0,0
108,52,14350,basic,25,5,0,0
109,42,6235,basic,48,4,0,0
110,54,5707,premium,50,9,0,1
111,32,9134,basic,27,9,0,1
112,58,11006,premium,11,4,0,0
113,46,14902,premium,39,9,1,1
114,41,2325,enterprise,1,0,1,1
115,44,5097,basic,53,3,0,0
116,47,5411,enterprise,23,3,0,0
117,19,5319,premium,45,6,0,1
118,25,8028,premium,44,6,1,1
119,30,13347,basic,28,4,0,0
120,23,2402,basic,58,2,0,0
121,40,12605,premium,47,5,0,0
122,52,10029,basic,53,2,0,0
123,52,9997,basic,6,4,0,0
124,42,10818,basic,29,3,0,0
125,62,3500,basic,57,8,0,1
126,47,11707,basic,48,7,0,1
127,22,5225,basic,27,1,0,0
128,57,8715,basic,5,9,0,1
129,47,10799,enterprise,17,6,0,1
130,51,9851,enterprise,34,3,0,0
131,47,6200,basic,38,5,0,0
132,46,7148,basic,55,1,0,0
133,22,8194,basic,6,0,0,0
134,47,2536,basic,24,4,0,0
135,59,11438,premium,17,7,0,1
136,33,3299,basic,57,3,0,0
137,49,7961,basic,10,3,0,0
138,19,10514,basic,14,9,0,1
139,36,3045,basic,18,9,0,1
140,40,14942,premium,7,4,0,0
141,69,6903,premium,38,0,0,0
142,29,2205,basic,31,6,1,1
143,32,10562,basic,33,7,0,1
144,39,9248,enterprise,54,9,0,1
145,69,10324,basic,26,9,0,1
146,62,11763,premium,19,6,0,1
147,19,8183,premium,23,1,1,1
148,30,12748,basic,48,2,1,1
149,60,6811,premium,32,7,0,1
150,21,9087,basic,10,6,1,1
151,62,4060,premium,41,4,0,0
152,32,10058,basic,44,4,1,1
153,65,5400,basic,15,7,0,1
154,33,11057,basic,33,4,0,0
155,40,12413,basic,34,1,0,0
156,52,13166,basic,11,9,0,1
157,24,14078,basic,1,3,0,0
158,46,3589,basic,43,2,0,0
159,44,3793,basic,37,0,0,0
160,58,14040,basic,43,4,0,0
161,69,6950,enterprise,23,9,0,1
162,52,2338,enterprise,31,1,0,0
163,39,5730,basic,58,2,0,0
164,39,12870,basic,14,1,0,0
165,39,6614,premium,39,0,0,0
166,60,2997,premium,8,6,0,1
167,34,11387,basic,4,2,0,0
168,26,4530,premium,57,7,0,1
169,35,6586,basic,8,4,0,0
170,19,2050,basic,39,6,0,1
171,23,9825,premium,31,0,0,0
172,22,7788,premium,48,3,0,0
173,58,13271,premium,33,4,0,0
174,55,6346,basic,42,0,0,0
175,54,4659,basic,53,4,0,0
176,42,4157,basic,49,4,1,1
177,55,4602,basic,43,4,0,0
178,26,7864,basic,10,5,0,0
179,64,3133,basic,10,7,0,1
180,44,7230,basic,30,7,0,1
181,66,13110,premium,39,0,0,0
182,25,11979,basic,40,6,0,1
183,43,10284,basic,47,9,0,1
184,54,13610,premium,7,8,0,1
185,43,12142,basic,11,3,1,1
186,41,10483,premium,9,7,0,1
187,26,13219,basic,32,8,0,1
188,37,3617,basic,38,3,0,0
189,30,12637,premium,7,8,0,1
190,33,5840,basic,52,6,0,1
191,53,11529,premium,18,7,0,1
192,50,13873,premium,39,7,0,1
193,49,8448,basic,45,7,0,1
194,36,3153,premium,3,9,0,1
195,67,6812,premium,52,8,0,1
196,22,7289,enterprise,58,4,0,0
197,35,14177,basic,57,5,1,1
198,24,14252,basic,9,6,0,1
199,35,9390,premium,24,8,0,1
200,68,14358,basic,14,3,0,0
201,37,7671,basic,27,3,0,0
202,65,7345,basic,58,7,0,1
203,43,12874,basic,46,9,0,1
204,54,10676,basic,46,9,0,1
205,41,8790,basic,25,1,0,0
206,31,7937,basic,56,9,0,1
207,57,11172,basic,55,7,0,1
208,68,11794,enterprise,48,1,1,1
209,31,8377,basic,49,0,0,0
210,58,2410,basic,39,2,0,0
211,31,3323,basic,6,9,0,1
212,55,3874,basic,17,7,0,1
213,59,8007,enterprise,46,5,0,0
214,41,9984,enterprise,20,6,0,1
215,56,12448,basic,11,4,0,0
216,32,5023,basic,56,9,0,1
217,22,12225,basic,29,1,0,0
218,23,10658,basic,51,3,0,0
219,41,2671,basic,17,2,0,0
220,64,6565,basic,22,8,0,1
221,24,5934,basic,21,5,0,0
222,41,13526,basic,23,6,0,1
223,54,13975,basic,26,9,0,1
224,28,12650,basic,18,1,0,0
225,55,8864,basic,49,9,0,1
226,33,8406,basic,20,1,0,0
227,60,6049,basic,27,7,0,1
228,48,12047,basic,51,7,0,1
229,46,3121,basic,26,8,0,1
230,27,5524,basic,1,1,0,0
231,42,3757,premium,1,9,0,1
232,62,8425,enterprise,26,7,1,1
233,19,5896,basic,39,1,0,0
234,57,4567,basic,56,5,0,0
235,43,6893,premium,8,8,0,1
236,55,13191,premium,33,4,1,1
237,52,9254,basic,18,3,0,0
238,40,12699,basic,27,2,0,0
239,34,13880,basic,27,5,0,0
240,50,13727,basic,19,9,0,1
241,25,6563,basic,2,6,0,1
242,48,13407,basic,5,7,0,1
243,22,13821,basic,31,7,0,1
244,51,14474,basic,14,7,1,1
245,50,6563,basic,20,4,1,1
246,22,4968,premium,6,7,1,1
247,57,9595,basic,3,3,0,0
248,39,14113,basic,8,5,0,0
249,58,13708,basic,23,3,0,0
250,20,9425,premium,10,9,0,1
251,27,3940,basic,14,7,0,1
252,43,7492,basic,18,5,0,0
253,27,11283,basic,18,4,1,1
254,35,9284,premium,1,5,0,0
255,52,6491,premium,7,7,0,1
256,25,6453,premium,57,2,0,0
257,53,2776,premium,40,8,0,1
258,23,5751,basic,8,2,0,0
259,27,10701,basic,17,1,0,0
260,48,5137,basic,23,7,0,1
261,59,14914,premium,54,7,0,1
262,26,3071,basic,52,3,1,1
263,33,9654,basic,46,6,0,1
264,66,8455,premium,7,7,0,1
265,69,12832,basic,29,7,0,1
266,48,13540,basic,29,9,0,1
267,41,9065,basic,38,8,0,1
268,36,10191,premium,50,4,0,0
269,49,11086,enterprise,19,2,0,0
270,48,8772,basic,33,0,0,0
271,33,4403,enterprise,16,5,0,0
272,19,7571,premium,13,6,0,1
273,25,5140,premium,19,6,0,1
274,67,8037,premium,44,0,0,0
275,39,9997,basic,26,7,0,1
276,43,4720,premium,41,7,1,1
277,42,5242,basic,41,7,0,1
278,58,12698,premium,22,5,0,0
279,21,6910,basic,57,0,1,1
280,22,4578,premium,3,4,1,1
281,32,11271,enterprise,53,6,0,1
282,43,11316,basic,1,5,0,0
283,52,12740,enterprise,23,5,1,1
284,43,11879,basic,49,5,0,0
285,40,14895,basic,41,5,0,0
286,66,9473,basic,19,3,0,0
287,26,5728,premium,53,6,1,1
288,47,13218,basic,9,2,0,0
289,46,5442,basic,40,4,0,0
290,42,5783,premium,31,4,0,0
291,59,12770,basic,13,7,0,1
292,31,13461,basic,55,8,0,1
293,67,6411,premium,46,6,0,1
294,35,11482,premium,1,1,0,0
295,46,13991,premium,6,6,1,1
296,45,12383,basic,4,3,0,0
297,62,2064,enterprise,25,0,0,0
298,40,10639,basic,25,1,0,0
299,32,4208,basic,43,9,0,1
300,19,13002,basic,40,4,1,1
301,36,2871,basic,1,2,0,0
302,60,14910,premium,29,1,0,0
303,18,4305,premium,47,6,0,1
304,64,7462,basic,53,7,0,1
305,46,5043,basic,18,3,0,0
306,25,12580,premium,3,1,0,0
307,33,7115,enterprise,10,3,0,0
308,46,11679,basic,21,6,0,1
309,34,2873,basic,27,1,0,0
310,23,7887,basic,21,2,0,0
311,52,13843,basic,6,0,0,0
312,52,14050,basic,21,4,1,1
313,24,4713,basic,18,1,0,0
314,32,7127,premium,29,1,0,0
315,30,7318,basic,5,1,0,0
316,52,9351,basic,47,7,0,1
317,55,8985,basic,25,4,0,0
318,55,3377,enterprise,19,9,0,1
319,66,11914,basic,54,3,0,0
320,57,4935,basic,44,2,0,0
321,34,6094,basic,9,2,0,0
322,23,12929,premium,9,9,0,1
323,49,10965,premium,1,5,0,0
324,65,7155,basic,34,3,0,0
325,68,13862,basic,21,6,1,1
326,29,7123,basic,23,5,0,0
327,30,9351,premium,31,1,0,0
328,19,5197,enterprise,32,7,0,1
329,25,4381,basic,1,1,0,0
330,46,8390,basic,7,1,0,0
331,46,9319,premium,47,7,0,1
332,37,12475,premium,57,4,0,0
333,34,7081,basic,50,2,0,0
334,61,13637,basic,54,0,0,0
335,41,9895,basic,28,5,0,0
336,60,2911,premium,49,6,0,1
337,68,11608,premium,53,2,0,0
338,34,9472,premium,53,4,0,0
339,28,7061,premium,9,3,1,1
340,67,8074,basic,9,8,0,1
341,51,5923,basic,24,7,0,1
342,33,9985,basic,30,2,1,1
343,50,9370,premium,57,5,0,0
344,44,7814,basic,19,9,0,1
345,65,5707,basic,50,3,0,0
346,31,7182,basic,53,1,1,1
347,69,8471,premium,57,2,0,0
348,66,8134,premium,12,6,0,1
349,27,6020,premium,15,9,0,1
350,26,9565,basic,13,3,0,0
351,45,4945,enterprise,44,0,0,0
352,20,8512,premium,41,1,0,0
353,33,3580,premium,25,4,1,1
354,40,8137,premium,6,0,0,0
355,68,12191,enterprise,31,0,0,0
356,69,12631,enterprise,44,6,0,1
357,25,11031,basic,28,8,0,1
358,64,11693,basic,16,2,0,0
359,22,2857,basic,35,5,0,0
360,56,6437,premium,39,5,0,0
361,61,10505,premium,35,6,0,1
362,64,12407,basic,52,9,0,1
363,29,9577,basic,19,8,0,1
364,64,13097,enterprise,36,3,1,1
365,24,5549,premium,51,9,0,1
366,44,3995,enterprise,13,0,1,1
367,42,3122,basic,17,9,0,1
368,34,9574,premium,3,1,0,0
369,19,10647,premium,23,1,0,0
370,58,5709,basic,3,1,0,0
371,35,12187,basic,45,1,1,1
372,52,11609,enterprise,6,4,0,0
373,39,6681,basic,41,6,1,1
374,37,5104,basic,35,7,0,1
375,64,11650,premium,59,0,0,0
376,22,10728,premium,21,2,0,0
377,56,4220,basic,21,1,1,1
378,56,5316,premium,15,1,0,0
379,37,8317,basic,32,7,0,1
380,31,8644,premium,13,6,1,1
381,18,4157,basic,7,2,0,0
382,66,14332,premium,56,3,0,0
383,67,7052,premium,41,9,1,1
384,30,6956,basic,8,5,0,0
385,19,2786,basic,37,2,0,0
386,24,13384,premium,18,9,0,1
387,21,5056,basic,11,1,0,0
388,61,14830,basic,28,2,0,0
389,64,8448,basic,47,6,0,1
390,25,13373,enterprise,1,5,0,0
391,56,4328,basic,21,0,0,0
392,27,4156,basic,55,8,0,1
393,37,12414,enterprise,24,2,1,1
394,49,12655,basic,6,6,0,1
395,55,9060,basic,26,3,0,0
396,63,2417,basic,41,7,1,1
397,20,14268,basic,59,8,0,1
398,28,7112,basic,38,7,0,1
399,32,14167,premium,3,9,1,1
400,34,13319,basic,48,5,0,0
401,69,13069,premium,47,0,0,0
402,58,10953,basic,39,5,0,0
403,34,10752,basic,53,4,0,0
404,68,8925,basic,46,7,0,1
405,43,2322,basic,14,2,0,0
406,44,7042,premium,25,6,1,1
407,40,11497,basic,30,4,0,0
408,25,12559,basic,29,6,0,1
409,66,9274,basic,38,4,0,0
410,18,11224,premium,42,3,0,0
411,27,2282,basic,7,2,1,1
412,29,8089,premium,34,8,0,1
413,32,8600,basic,3,0,0,0
414,24,13602,basic,31,2,0,0
415,18,6043,premium,25,4,0,0
416,53,4989,basic,13,1,0,0
417,68,6580,basic,59,9,0,1
418,24,4215,enterprise,16,3,0,0
419,33,9259,basic,4,2,0,0
420,44,10356,basic,22,2,0,0
421,66,12414,basic,45,1,0,0
422,54,14635,basic,1,6,0,1
423,57,2956,premium,30,4,0,0
424,48,5214,basic,25,2,0,0
425,39,5909,enterprise,52,8,0,1
426,28,5245,premium,1,6,0,1
427,62,12754,enterprise,2,4,1,1
428,59,3813,premium,34,5,0,0
429,19,2386,enterprise,11,6,0,1
430,55,13187,premium,42,1,0,0
431,22,14499,basic,17,8,0,1
432,56,4943,basic,34,2,0,0
433,60,6327,premium,3,0,1,1
434,24,8541,basic,41,5,0,0
435,40,8837,premium,31,8,0,1
436,24,14881,basic,1,7,0,1
437,47,7253,premium,16,3,0,0
438,66,2157,basic,4,3,0,0
439,22,7495,enterprise,3,5,1,1
440,38,9234,basic,42,2,0,0
441,68,8719,basic,26,8,0,1
442,33,8659,premium,48,2,1,1
443,24,13994,premium,16,2,0,0
444,43,12496,premium,43,0,0,0
445,44,5272,enterprise,37,6,1,1
446,52,6618,basic,40,0,0,0
447,34,10678,premium,49,8,0,1
448,67,7334,basic,42,9,0,1
449,45,7569,basic,44,1,1,1
450,32,4183,basic,44,0,0,0
451,67,5306,basic,27,9,0,1
452,66,11630,basic,43,1,0,0
453,43,12958,premium,50,4,1,1
454,19,12201,basic,44,8,0,1
455,49,6001,enterprise,36,1,0,0
456,46,3776,basic,5,6,1,1
457,25,4076,basic,26,3,0,0
458,50,7114,premium,4,4,0,0
459,61,8730,basic,7,9,0,1
460,23,13607,basic,22,6,0,1
461,55,13684,premium,28,3,0,0
462,25,2035,basic,32,9,0,1
463,56,11198,basic,54,5,0,0
464,39,5883,premium,45,0,0,0
465,18,4571,basic,25,3,0,0
466,68,9215,premium,20,2,0,0
467,26,2440,premium,43,6,1,1
468,48,6343,basic,17,8,0,1
469,27,9178,basic,53,0,0,0
470,66,5536,basic,47,7,0,1
471,56,9714,premium,41,9,0,1
472,59,7980,basic,15,9,0,1
473,40,12392,enterprise,37,6,0,1
474,42,4359,basic,49,3,1,1
475,50,2742,premium,5,1,0,0
476,58,8885,basic,11,9,0,1
477,62,5339,basic,31,4,0,0
478,18,11187,basic,22,3,0,0
479,52,3212,basic,42,7,0,1
480,23,9478,enterprise,24,7,0,1
481,32,14867,basic,59,8,0,1
482,61,3210,basic,18,8,0,1
483,31,5923,basic,22,8,0,1
484,59,12977,basic,1,1,0,0
485,42,8936,premium,15,1,0,0
486,30,4274,enterprise,14,2,0,0
487,35,4770,premium,46,6,0,1
488,45,11942,basic,20,5,0,0
489,57,13191,basic,13,8,0,1
490,49,6687,premium,19,8,1,1
491,66,8159,basic,34,8,0,1
492,63,12175,premium,47,0,0,0
493,57,4300,basic,58,6,1,1
494,49,4681,basic,3,8,0,1
495,33,12067,premium,50,9,0,1
496,39,4426,basic,23,3,0,0
497,24,12020,enterprise,48,7,0,1
498,37,8461,basic,3,4,0,0
499,66,14870,basic,37,1,0,0
500,40,2428,basic,55,3,0,0
501,23,14297,basic,3,2,0,0
502,51,4928,basic,47,9,1,1
503,68,2456,basic,7,1,0,0
504,63,11412,premium,58,1,1,1
505,32,8922,premium,44,5,0,0
506,41,12885,basic,54,5,0,0
507,45,3408,basic,53,5,1,1
508,30,3050,basic,19,1,0,0
509,31,9374,premium,25,4,0,0
510,30,13467,basic,41,9,0,1
511,69,7274,basic,11,0,0,0
512,56,12367,basic,19,7,0,1
513,61,13780,basic,6,1,1,1
514,60,13305,basic,53,2,0,0
515,67,8612,basic,15,8,0,1
516,23,11079,enterprise,25,2,0,0
517,63,8833,basic,27,5,0,0
518,21,10763,basic,23,3,0,0
519,42,9372,basic,46,6,0,1
520,48,8826,basic,54,4,0,0
521,36,7678,basic,34,4,0,0
522,25,10486,basic,50,8,0,1
523,27,11764,basic,7,5,0,0
524,60,13948,premium,58,5,0,0
525,34,9971,basic,7,8,0,1
526,34,3306,enterprise,4,4,0,0
527,66,9637,basic,2,8,0,1
528,25,6104,basic,15,7,0,1
529,65,2348,enterprise,50,8,0,1
530,65,2941,premium,18,4,0,0
531,49,9686,basic,47,5,1,1
532,26,14282,premium,26,1,1,1
533,26,8572,basic,7,1,0,0
534,32,7788,basic,28,1,1,1
535,48,3152,premium,14,6,0,1
536,25,10779,premium,18,3,0,0
537,41,2721,basic,31,2,0,0
538,24,12934,premium,47,6,0,1
539,46,12613,basic,35,3,0,0
540,19,14883,basic,14,1,1,1
541,54,5695,enterprise,43,5,0,0
542,20,4103,basic,42,5,0,0
543,28,5893,basic,14,1,0,0
544,27,12393,basic,51,2,0,0
545,61,4844,basic,50,2,0,0
546,20,13536,basic,36,6,0,1
547,40,4004,enterprise,18,2,0,0
548,48,2635,premium,21,0,0,0
549,44,4851,premium,26,2,0,0
550,53,11803,basic,12,4,0,0
551,59,9829,basic,19,7,0,1
552,38,6611,basic,8,0,0,0
553,61,10528,basic,10,8,0,1
554,34,10431,basic,44,3,0,0
555,69,9211,premium,8,3,0,0
556,44,8682,premium,28,0,0,0
557,56,3319,basic,26,2,1,1
558,63,5376,basic,3,4,0,0
559,59,8860,premium,50,6,0,1
560,62,3757,basic,59,7,1,1
561,45,8185,enterprise,38,5,0,0
562,20,3520,basic,40,1,1,1
563,43,12234,basic,14,3,0,0
564,27,3343,basic,50,7,1,1
565,64,3203,enterprise,47,6,0,1
566,30,10291,basic,26,5,0,0
567,29,4866,premium,42,5,0,0
568,30,6568,basic,57,5,0,0
569,51,6085,basic,36,9,0,1
570,47,4816,premium,12,5,0,0
571,67,11903,basic,20,5,0,0
572,39,10994,basic,11,3,1,1
573,32,5104,basic,20,4,0,0
574,20,10929,premium,53,7,0,1
575,18,11275,basic,12,8,0,1
576,37,9009,basic,53,7,0,1
577,66,9519,enterprise,17,6,1,1
578,45,14154,premium,30,7,0,1
579,64,7900,premium,32,0,0,0
580,23,7010,premium,8,2,0,0
581,22,9007,premium,11,2,0,0
582,61,12866,basic,19,6,0,1
583,23,11224,basic,4,7,0,1
584,20,2976,premium,45,1,0,0
585,39,7970,premium,33,1,0,0
586,66,11617,enterprise,50,4,0,0
587,53,4910,basic,51,9,0,1
588,23,14849,basic,21,0,0,0
589,61,12505,basic,49,8,0,1
590,61,13005,premium,4,1,0,0
591,59,3062,basic,26,2,0,0
592,64,9535,premium,40,6,0,1
593,30,8861,basic,28,7,0,1
594,68,10147,basic,44,8,0,1
595,34,13053,basic,51,0,0,0
596,59,6592,premium,26,0,0,0
597,48,8941,enterprise,17,4,0,0
598,58,10833,basic,35,5,0,0
599,50,11791,basic,52,2,0,0
600,51,12015,basic,59,6,0,1
601,50,6380,basic,49,2,0,0
602,58,14976,basic,15,9,0,1
603,56,2125,premium,13,1,0,0
604,24,8402,enterprise,34,6,0,1
605,60,9913,basic,24,5,0,0
606,45,2796,basic,37,1,0,0
607,34,7865,basic,55,6,0,1
608,44,9746,basic,33,1,0,0
609,68,9898,basic,21,5,0,0
610,62,3547,premium,52,6,0,1
611,61,5607,basic,26,0,0,0
612,42,5181,premium,36,2,0,0
613,58,10318,basic,8,2,0,0
614,38,6274,premium,30,9,0,1
615,53,9428,premium,26,2,0,0
616,51,11503,basic,8,9,0,1
617,30,12364,basic,13,5,1,1
618,31,4389,premium,42,9,0,1
619,21,13745,premium,11,8,0,1
620,25,4154,basic,8,2,0,0
621,40,2284,basic,4,5,1,1
622,42,2584,basic,2,7,0,1
623,26,4613,premium,26,0,0,0
624,39,13352,premium,29,6,0,1
625,49,4702,basic,37,4,0,0
626,30,11015,premium,34,0,0,0
627,35,7440,premium,32,8,0,1
628,37,2519,premium,59,2,0,0
629,44,7773,basic,15,8,0,1
630,37,2367,basic,43,2,0,0
631,56,8190,basic,5,5,0,0
632,35,9262,basic,51,3,0,0
633,40,8777,basic,22,8,0,1
634,37,5672,basic,21,9,1,1
635,27,11965,basic,8,7,0,1
636,53,9757,premium,31,8,1,1
637,30,5312,basic,24,7,0,1
638,33,7649,premium,58,2,0,0
639,59,3410,basic,11,9,0,1
640,67,14003,basic,25,5,0,0
641,52,11789,basic,54,3,0,0
642,65,5741,premium,48,1,0,0
643,62,10773,premium,46,7,0,1
644,43,10828,basic,32,2,0,0
645,58,9925,premium,52,6,0,1
646,35,2702,basic,14,0,0,0
647,41,13420,basic,48,6,0,1
648,45,14426,basic,35,6,0,1
649,67,14663,basic,21,5,0,0
650,62,14749,basic,13,6,0,1
651,43,14074,premium,31,9,0,1
652,51,11607,basic,1,8,0,1
653,28,2739,basic,43,4,1,1
654,59,8047,basic,14,8,0,1
655,46,5186,basic,23,9,0,1
656,45,4859,basic,12,1,0,0
657,57,12798,enterprise,28,3,0,0
658,50,12562,premium,22,7,0,1
659,21,8786,basic,12,5,0,0
660,32,11572,premium,53,1,0,0
661,27,3681,basic,45,4,1,1
662,56,4885,basic,23,3,0,0
663,19,13186,basic,4,7,1,1
664,28,7865,basic,50,5,0,0
665,49,9106,basic,42,1,0,0
666,54,8016,premium,33,0,0,0
667,44,4628,basic,36,2,0,0
668,62,12743,premium,1,1,1,1
669,65,11857,premium,28,8,0,1
670,24,10889,premium,12,2,0,0
671,67,6591,premium,39,6,0,1
672,49,10361,premium,55,1,0,0
673,51,14392,basic,32,4,0,0
674,22,10447,basic,36,9,0,1
675,50,8425,basic,40,6,0,1
676,55,5516,enterprise,55,2,0,0
677,48,8796,basic,3,7,0,1
678,22,6832,basic,19,5,0,0
679,45,9946,premium,16,2,0,0
680,66,2593,basic,43,9,0,1
681,55,4472,premium,27,9,0,1
682,25,12230,basic,46,5,0,0
683,67,6949,basic,28,0,0,0
684,67,7628,basic,58,4,0,0
685,26,9070,basic,46,5,0,0
686,59,7697,basic,2,9,0,1
687,39,11862,basic,59,7,1,1
688,48,5189,basic,57,2,0,0
689,41,11859,premium,3,5,0,0
690,58,4722,premium,24,1,1,1
691,69,6817,basic,58,4,0,0
692,59,9641,basic,50,5,0,0
693,66,13517,basic,28,5,0,0
694,67,5023,premium,33,4,0,0
695,22,9636,premium,2,4,1,1
696,31,2834,basic,34,7,0,1
697,55,2980,basic,40,5,1,1
698,48,11977,enterprise,22,0,0,0
699,20,11346,premium,19,7,0,1
700,22,6894,basic,49,6,0,1
701,45,10098,premium,27,6,1,1
702,50,6943,basic,16,7,1,1
703,26,5604,basic,23,1,0,0
704,26,7607,premium,30,9,0,1
705,24,6054,basic,16,9,0,1
706,47,12595,basic,34,1,0,0
707,18,7351,enterprise,51,2,0,0
708,47,6170,premium,44,2,1,1
709,42,8969,basic,14,9,0,1
710,42,11854,premium,28,9,0,1
711,53,5557,premium,33,2,1,1
712,45,14214,basic,41,6,0,1
713,55,8025,enterprise,45,2,0,0
714,57,10591,premium,29,0,0,0
715,65,14444,basic,19,2,0,0
716,59,7611,basic,39,0,0,0
717,44,4597,premium,8,8,0,1
718,43,11721,enterprise,40,7,0,1
719,30,2086,basic,53,1,0,0
720,49,7952,basic,42,5,0,0
721,25,14739,premium,26,2,1,1
722,66,7387,basic,49,5,0,0
723,61,10893,basic,32,8,1,1
724,24,8828,premium,32,8,0,1
725,58,4790,premium,51,8,1,1
726,24,6130,premium,12,2,0,0
727,55,8805,premium,47,1,0,0
728,22,3355,basic,41,1,0,0
729,43,7393,enterprise,32,1,1,1
730,52,7393,basic,5,6,1,1
731,55,12853,basic,46,6,0,1
732,39,3610,premium,13,8,0,1
733,65,12955,premium,53,0,0,0
734,58,7335,premium,47,2,0,0
735,28,10467,basic,22,7,0,1
736,52,9240,enterprise,26,6,0,1
737,55,5897,premium,2,4,0,0
738,35,14099,premium,30,1,1,1
739,56,4918,enterprise,4,4,0,0
740,64,2470,basic,59,1,0,0
741,60,11751,premium,38,5,0,0
742,57,10078,premium,14,9,0,1
743,50,13576,premium,48,1,0,0
744,32,7950,premium,2,1,0,0
745,59,2218,premium,33,7,0,1
746,36,2263,basic,7,0,0,0
747,45,7632,basic,4,9,0,1
748,34,5244,enterprise,15,7,0,1
749,34,13988,enterprise,18,4,0,0
750,26,3540,enterprise,43,3,0,0
751,67,13450,basic,53,3,0,0
752,25,4818,basic,46,3,0,0
753,22,3552,premium,44,8,0,1
754,66,5569,premium,34,7,0,1
755,46,3873,basic,22,2,0,0
756,40,7216,premium,16,1,0,0
757,56,6295,basic,56,5,0,0
758,37,8877,basic,31,6,0,1
759,24,8981,basic,34,7,0,1
760,55,2012,basic,1,3,0,0
761,27,3623,basic,28,4,0,0
762,46,4104,enterprise,41,1,1,1
763,67,4531,premium,30,4,0,0
764,66,3216,enterprise,37,6,0,1
765,36,6090,basic,48,3,0,0
766,58,9145,basic,2,3,0,0
767,49,6015,basic,54,4,0,0
768,42,6277,premium,49,8,1,1
769,25,8104,basic,25,6,0,1
770,37,9129,premium,46,9,0,1
771,51,6302,premium,4,0,1,1
772,69,4883,premium,19,8,0,1
773,18,7321,basic,7,0,0,0
774,55,2314,basic,38,3,0,0
775,62,8403,basic,51,4,0,0
776,67,14237,basic,36,2,0,0
777,40,7173,premium,42,9,0,1
778,24,3408,basic,9,8,1,1
779,32,11192,premium,56,5,0,0
780,62,3649,basic,12,4,0,0
781,63,4517,enterprise,32,7,0,1
782,51,3905,enterprise,41,7,0,1
783,24,13487,basic,51,4,0,0
784,24,14756,premium,56,8,0,1
785,42,9405,basic,36,1,0,0
786,48,10029,premium,35,2,0,0
787,19,10390,premium,25,0,1,1
788,53,9933,premium,34,1,0,0
789,46,9073,premium,40,1,0,0
790,18,14827,basic,39,6,0,1
791,22,11530,premium,35,8,0,1
792,41,3149,premium,26,5,1,1
793,55,7095,basic,12,4,1,1
794,60,14668,basic,4,2,0,0
795,40,7247,premium,25,1,0,0
796,33,4652,premium,24,5,0,0
797,68,13290,basic,36,1,0,0
798,41,10099,enterprise,54,7,0,1
799,34,9313,premium,42,4,0,0
800,41,7461,basic,48,3,1,1
801,18,3616,basic,35,0,0,0
802,33,6991,premium,55,2,0,0
803,44,7687,premium,56,0,0,0
804,65,14106,basic,10,7,1,1
805,56,5994,basic,38,4,0,0
806,58,3939,premium,30,7,0,1
807,46,7557,premium,58,5,0,0
808,23,14961,premium,35,9,0,1
809,38,8268,basic,1,7,0,1
810,69,6928,premium,13,1,0,0
811,20,10669,basic,8,1,0,0
812,63,10434,basic,12,8,0,1
813,53,5890,premium,6,2,0,0
814,32,14582,premium,47,7,1,1
815,58,9708,basic,30,6,0,1
816,61,2748,premium,40,7,0,1
817,20,7298,basic,59,2,0,0
818,23,13997,basic,39,3,0,0
819,52,7113,basic,29,5,0,0
820,69,9381,basic,16,0,0,0
821,19,9964,premium,45,3,0,0
822,52,11157,premium,30,5,0,0
823,25,13340,premium,45,2,0,0
824,51,3939,basic,2,2,0,0
825,50,8717,basic,10,9,0,1
826,22,8934,basic,8,2,0,0
827,53,3981,premium,41,9,0,1
828,64,10755,basic,31,9,1,1
829,62,3535,basic,19,6,0,1
830,19,7931,premium,19,1,0,0
831,30,6293,premium,36,2,0,0
832,30,4014,basic,57,9,0,1
833,41,12690,basic,59,0,1,1
834,25,5173,premium,28,5,0,0
835,62,5318,basic,40,5,0,0
836,58,13107,basic,5,8,0,1
837,60,13405,premium,56,8,0,1
838,28,2448,basic,2,2,1,1
839,18,5612,basic,21,5,1,1
840,65,11215,basic,43,6,0,1
841,33,12115,basic,58,9,0,1
842,52,14992,basic,11,5,0,0
843,65,9210,basic,39,1,0,0
844,19,2097,basic,12,9,0,1
845,18,13357,basic,3,5,1,1
846,18,4093,premium,26,1,0,0
847,26,3570,enterprise,35,1,0,0
848,20,10763,basic,16,2,0,0
849,60,9849,basic,58,7,1,1
850,49,2779,premium,37,9,1,1
851,68,4200,enterprise,26,4,0,0
852,59,9667,premium,29,0,0,0
853,68,5319,basic,28,8,0,1
854,30,10892,basic,7,6,0,1
855,32,7352,basic,36,5,1,1
856,62,9645,premium,47,0,1,1
857,30,8174,basic,25,9,0,1
858,20,6747,basic,26,0,0,0
859,52,6451,basic,54,6,0,1
860,59,11064,basic,37,5,1,1
861,68,8687,premium,18,5,0,0
862,66,9725,basic,1,5,1,1
863,24,9505,premium,49,3,0,0
864,58,4699,premium,37,5,1,1
865,61,13871,premium,37,3,0,0
866,54,9320,basic,17,4,0,0
867,60,11334,premium,11,6,0,1
868,61,13464,premium,30,7,0,1
869,41,14021,basic,45,1,0,0
870,20,10668,basic,18,9,1,1
871,41,12232,premium,32,0,0,0
872,28,8133,basic,59,2,1,1
873,23,11591,basic,13,3,0,0
874,24,6180,basic,14,3,0,0
875,54,11253,basic,14,3,1,1
876,44,3116,basic,54,3,0,0
877,46,13885,premium,32,4,1,1
878,56,5180,basic,55,7,1,1
879,46,10535,premium,56,8,0,1
880,50,2145,basic,25,3,0,0
881,22,4024,basic,4,2,0,0
882,62,14826,basic,18,6,0,1
883,41,12833,premium,33,0,0,0
884,26,4892,enterprise,23,4,0,0
885,60,3701,basic,1,2,0,0
886,56,12593,basic,59,6,0,1
887,20,14872,basic,18,0,1,1
888,28,4192,basic,37,8,0,1
889,18,10631,premium,56,2,1,1
890,32,5686,basic,33,5,0,0
891,23,11677,enterprise,41,5,0,0
892,54,7437,basic,3,4,0,0
893,45,3629,basic,42,4,0,0
894,68,6217,premium,51,2,0,0
895,56,9002,basic,55,7,0,1
896,49,12378,premium,5,5,0,0
897,44,2273,basic,14,2,0,0
898,20,14450,premium,3,2,0,0
899,21,10444,basic,55,4,0,0
900,50,13378,basic,17,8,0,1
901,18,14090,premium,32,9,0,1
902,20,3996,basic,29,3,0,0
903,29,3218,basic,41,3,0,0
904,63,12096,premium,53,1,1,1
905,41,4442,basic,20,5,0,0
906,54,3923,premium,47,2,0,0
907,39,8090,premium,18,8,0,1
908,27,13873,premium,12,5,0,0
909,37,12342,basic,7,2,0,0
910,22,8732,basic,22,9,0,1
911,58,4553,enterprise,34,8,1,1
912,27,6372,basic,47,3,0,0
913,37,10950,basic,51,1,0,0
914,68,4041,basic,32,2,0,0
915,48,8817,basic,25,3,1,1
916,41,2153,basic,11,4,0,0
917,46,6226,premium,54,8,0,1
918,58,5223,premium,24,9,0,1
919,31,10854,premium,46,7,0,1
920,51,13882,basic,37,8,1,1
921,63,3904,basic,55,1,0,0
922,47,12364,basic,58,1,0,0
923,41,10526,premium,42,9,0,1
924,25,14607,basic,40,6,0,1
925,30,13849,basic,9,2,0,0
926,67,3309,basic,1,7,1,1
927,46,11661,premium,33,1,0,0
928,33,9698,premium,42,7,0,1
929,39,3470,premium,45,8,0,1
930,48,5342,basic,15,4,0,0
931,45,14050,enterprise,30,6,0,1
932,54,9058,basic,51,7,0,1
933,31,6400,basic,6,8,0,1
934,51,6165,basic,23,5,1,1
935,41,12892,basic,56,2,0,0
936,66,5685,basic,12,2,0,0
937,26,4065,basic,19,3,1,1
938,25,9459,basic,28,0,0,0
939,42,14902,premium,41,6,0,1
940,44,4383,premium,16,3,0,0
941,53,5319,premium,47,7,0,1
942,39,8098,basic,14,0,0,0
943,65,4597,basic,22,3,0,0
944,42,10460,premium,34,3,0,0
945,24,5297,basic,1,0,0,0
946,24,3666,basic,46,8,0,1
947,68,5396,basic,40,5,0,0
948,24,14097,premium,50,8,0,1
949,67,14153,basic,17,8,0,1
950,32,8574,premium,24,0,0,0
951,22,7205,basic,54,8,0,1
952,33,12653,basic,4,0,0,0
953,49,4525,basic,29,8,0,1
954,40,10500,basic,29,6,0,1
955,58,10840,basic,27,8,0,1
956,49,11230,premium,26,4,1,1
957,38,4833,basic,45,1,0,0
958,51,11309,basic,12,1,0,0
959,68,9955,premium,53,1,0,0
960,39,13376,basic,53,8,0,1
961,25,4267,basic,11,5,0,0
962,39,9976,basic,58,2,0,0
963,61,12785,basic,16,1,0,0
964,29,5616,basic,4,0,1,1
965,67,11669,premium,24,2,0,0
966,48,3293,basic,47,7,0,1
967,49,11335,premium,50,8,0,1
968,34,9881,basic,39,6,0,1
969,65,4503,premium,48,9,0,1
970,19,2862,premium,16,3,0,0
971,33,11691,basic,52,3,0,0
972,39,5136,basic,38,6,0,1
973,42,8466,basic,8,1,0,0
974,42,2789,enterprise,8,9,0,1
975,25,14525,enterprise,16,7,0,1
976,29,9135,basic,5,0,0,0
977,22,14110,premium,17,1,0,0
978,47,4084,basic,59,6,1,1
979,36,4675,basic,15,7,0,1
980,47,9935,premium,38,2,1,1
981,48,9858,basic,58,7,0,1
982,54,12281,basic,15,4,0,0
983,46,14064,premium,42,6,0,1
984,51,12684,basic,27,4,0,0
985,48,3822,premium,17,4,0,0
986,51,6024,basic,57,3,0,0
987,50,13879,basic,39,1,0,0
988,34,9136,basic,26,1,0,0
989,30,13271,enterprise,48,1,0,0
990,58,9319,basic,54,8,0,1
991,35,2646,basic,47,4,0,0
992,46,8147,premium,52,3,1,1
993,28,12720,enterprise,19,8,0,1
994,40,10516,enterprise,21,8,0,1
995,45,3726,basic,14,2,0,0
996,50,4731,basic,42,3,0,0
997,45,13106,basic,48,4,1,1
998,36,14730,premium,39,8,0,1
999,68,11787,premium,36,6,0,1
1000,44,3275,premium,46,5,0,0
1001,60,10049,basic,11,2,0,0
1002,56,12779,basic,22,3,0,0
1003,47,10322,basic,42,0,0,0
1004,64,9723,basic,4,7,0,1
1005,24,8075,basic,54,9,0,1
1006,65,5183,basic,11,7,1,1
1007,62,5649,premium,47,3,0,0
1008,44,11693,premium,37,4,0,0
1009,56,2907,premium,51,9,0,1
1010,45,3098,premium,46,4,0,0
1011,31,7156,premium,31,8,0,1
1012,59,12067,premium,45,5,0,0
1013,30,10541,basic,21,4,0,0
1014,34,9669,premium,35,5,0,0
1015,45,8943,basic,54,2,0,0
1016,61,3439,basic,6,4,0,0
1017,37,6313,basic,21,3,0,0
1018,43,3033,premium,2,7,0,1
1019,20,11856,premium,32,6,0,1
1020,24,11760,enterprise,47,3,1,1
1021,20,5355,enterprise,3,8,0,1
1022,21,5808,premium,33,4,0,0
1023,63,6126,basic,25,9,1,1
1024,61,13560,premium,47,6,0,1
1025,60,8350,premium,13,8,1,1
1026,20,11906,premium,10,9,1,1
1027,22,7834,basic,6,3,0,0
1028,32,11076,basic,25,2,1,1
1029,47,8868,enterprise,29,8,0,1
1030,35,5621,basic,55,2,0,0
1031,43,13391,basic,28,7,1,1
1032,26,11216,basic,11,1,0,0
1033,56,12001,basic,42,8,0,1
1034,34,14325,basic,4,6,0,1
1035,21,5234,enterprise,21,5,0,0
1036,56,3190,premium,39,4,1,1
1037,64,9569,enterprise,15,6,0,1
1038,18,6240,basic,36,3,0,0
1039,40,7665,basic,27,3,0,0
1040,61,5050,basic,57,2,0,0
1041,54,7180,basic,17,1,1,1
1042,62,7112,basic,54,8,0,1
1043,39,6557,premium,37,7,0,1
1044,37,11650,enterprise,45,4,0,0
1045,54,9704,basic,10,8,0,1
1046,25,8165,basic,2,6,0,1
1047,30,3465,basic,44,5,0,0
1048,49,9419,basic,29,1,0,0
1049,52,4275,basic,19,5,1,1
1050,24,6084,basic,53,1,0,0
1051,44,7393,basic,20,6,0,1
1052,36,3836,basic,26,0,0,0
1053,44,7063,premium,43,5,1,1
1054,67,5470,basic,57,3,0,0
1055,21,13046,basic,54,1,0,0
1056,69,13175,basic,39,4,1,1
1057,41,2059,basic,7,2,1,1
1058,58,9831,basic,7,2,0,0
1059,40,10327,premium,41,8,0,1
1060,34,6913,premium,31,3,0,0
1061,58,8098,premium,8,4,0,0
1062,53,12268,basic,42,0,0,0
1063,25,6913,basic,56,3,0,0
1064,54,2837,basic,4,3,0,0
1065,57,6842,basic,49,7,0,1
1066,38,5300,premium,21,1,1,1
1067,66,6975,basic,24,9,0,1
1068,51,4991,basic,43,1,0,0
1069,35,3948,basic,15,6,0,1
1070,18,14809,basic,10,0,0,0
1071,53,3675,enterprise,57,8,0,1
1072,28,11179,basic,21,6,0,1
1073,57,11328,basic,11,8,0,1
1074,45,10031,basic,41,9,0,1
1075,42,13848,premium,13,8,0,1
1076,26,2064,basic,46,6,0,1
1077,54,5921,premium,5,8,0,1
1078,26,4396,basic,31,0,0,0
1079,39,9500,basic,24,6,0,1
1080,61,10262,premium,57,9,0,1
1081,65,13672,basic,31,3,0,0
1082,69,6936,basic,55,9,0,1
1083,67,5066,basic,15,5,0,0
1084,46,14015,basic,28,4,1,1
1085,28,10748,basic,49,3,0,0
1086,61,11941,premium,10,1,0,0
1087,59,7784,basic,55,8,0,1
1088,69,7815,basic,46,7,0,1
1089,51,7057,basic,40,4,0,0
1090,25,11743,premium,15,9,0,1
1091,44,4738,basic,49,1,0,0
1092,41,14680,basic,50,7,1,1
1093,61,4287,premium,18,4,0,0
1094,38,7992,premium,35,6,0,1
1095,35,6089,enterprise,4,0,1,1
1096,22,10352,basic,24,6,0,1
1097,61,10848,basic,9,6,0,1
1098,57,13942,basic,33,9,0,1
1099,20,12259,premium,33,3,0,0
1100,40,5232,basic,32,0,1,1
1101,42,4686,basic,40,0,0,0
1102,42,13525,basic,55,1,0,0
1103,65,8342,premium,12,2,0,0
1104,25,3268,premium,13,8,0,1
1105,33,12724,basic,13,1,0,0
1106,27,10429,enterprise,55,1,0,0
1107,30,2332,enterprise,6,0,0,0
1108,65,12176,basic,2,3,0,0
1109,66,9895,basic,10,6,1,1
1110,20,9989,premium,46,2,1,1
1111,50,13244,basic,35,4,0,0
1112,30,8441,basic,55,2,0,0
1113,28,7996,basic,13,8,0,1
1114,33,10025,enterprise,24,0,1,1
1115,28,4571,basic,33,2,0,0
1116,43,3971,premium,5,5,0,0
1117,69,12969,basic,55,8,0,1
1118,48,4802,basic,48,4,1,1
1119,55,8556,premium,9,0,1,1
1120,43,5508,basic,50,5,0,0
1121,18,4995,basic,27,2,0,0
1122,22,9771,basic,20,3,1,1
1123,31,12430,premium,56,9,0,1
1124,30,7744,basic,31,9,0,1
1125,61,3803,basic,14,2,0,0
1126,61,5178,basic,48,5,0,0
1127,62,4139,basic,43,5,1,1
1128,51,13476,basic,12,9,0,1
1129,46,6153,basic,40,9,0,1
1130,51,6860,basic,38,3,0,0
1131,39,2923,basic,17,0,0,0
1132,52,7798,premium,26,0,1,1
1133,59,13881,premium,50,0,0,0
1134,57,7326,basic,11,7,0,1
1135,49,10466,basic,43,7,0,1
1136,21,4365,basic,50,8,0,1
1137,55,3858,enterprise,56,1,1,1
1138,37,11511,basic,20,0,0,0
1139,56,2854,basic,16,1,0,0
1140,46,7829,basic,56,6,1,1
1141,63,6117,basic,28,0,0,0
1142,35,2211,basic,34,6,0,1
1143,66,8905,basic,31,8,0,1
1144,61,14532,premium,31,1,1,1
1145,35,2898,premium,37,7,0,1
1146,43,12604,premium,25,5,0,0
1147,45,9009,premium,24,9,0,1
1148,57,11406,basic,24,2,0,0
1149,53,3255,enterprise,39,2,0,0
1150,62,13298,premium,49,0,0,0
1151,37,2148,premium,33,7,0,1
1152,44,13788,premium,40,8,0,1
1153,40,10551,basic,25,0,0,0
1154,65,6387,basic,46,4,0,0
1155,33,2092,basic,24,7,0,1
1156,48,9942,basic,25,7,0,1
1157,24,3136,basic,4,9,0,1
1158,62,9914,basic,16,7,1,1
1159,37,12050,basic,44,9,1,1
1160,35,5474,enterprise,6,9,1,1
1161,48,5103,premium,14,9,0,1
1162,43,4885,basic,46,4,0,0
1163,62,4922,basic,52,4,0,0
1164,45,3480,basic,25,4,0,0
1165,44,5246,premium,25,9,0,1
1166,23,10571,premium,31,2,0,0
1167,19,5932,premium,46,7,0,1
1168,38,12151,basic,28,6,0,1
1169,69,12650,basic,11,0,0,0
1170,65,11892,premium,26,4,1,1
1171,50,9013,enterprise,16,1,0,0
1172,50,6111,basic,41,7,0,1
1173,38,14088,basic,9,4,0,0
1174,27,4668,basic,36,3,0,0
1175,18,8038,basic,8,0,1,1
1176,35,7896,enterprise,58,1,0,0
1177,34,11692,premium,38,7,0,1
1178,27,9108,basic,9,8,0,1
1179,31,12393,basic,57,2,0,0
1180,19,13948,basic,34,8,1,1
1181,49,7078,basic,36,5,1,1
1182,66,13372,basic,4,3,0,0
1183,53,4205,premium,12,4,0,0
1184,41,13908,premium,48,6,0,1
1185,39,4313,basic,28,9,0,1
1186,33,13053,premium,37,4,0,0
1187,25,7073,premium,59,3,0,0
1188,49,14539,basic,26,7,0,1
1189,47,3679,premium,23,5,1,1
1190,18,8051,premium,48,3,0,0
1191,39,13724,premium,4,4,0,0
1192,32,2617,basic,27,5,0,0
1193,26,5445,basic,51,1,1,1
1194,54,3086,basic,14,0,0,0
1195,45,6176,basic,18,6,0,1
1196,50,7073,basic,28,1,0,0
1197,55,10045,premium,5,5,0,0
1198,69,5349,basic,5,7,0,1
1199,59,4062,basic,15,2,0,0
1200,50,4209,enterprise,53,3,0,0
1201,63,14199,basic,14,9,0,1
1202,42,14391,basic,44,0,0,0
1203,69,4878,basic,26,7,0,1
1204,57,4540,basic,45,1,0,0
1205,51,2704,basic,20,9,0,1
1206,64,14471,premium,52,4,0,0
1207,44,11179,basic,22,0,1,1
1208,55,11890,basic,47,7,0,1
1209,32,5777,basic,50,1,0,0
1210,68,10332,premium,26,3,0,0
1211,50,2777,basic,40,5,0,0
1212,58,10788,premium,7,7,0,1
1213,41,9535,basic,30,4,0,0
1214,63,6309,basic,23,8,0,1
1215,21,11236,basic,57,4,0,0
1216,23,10403,basic,56,3,0,0
1217,44,7706,basic,47,3,0,0
1218,56,4426,premium,56,8,0,1
1219,60,2306,basic,58,6,0,1
1220,40,14190,basic,46,1,0,0
1221,51,5657,basic,36,7,0,1
1222,46,5923,basic,13,4,0,0
1223,67,10853,basic,49,3,0,0
1224,52,5317,basic,12,0,0,0
1225,39,6884,basic,11,9,0,1
1226,68,11245,basic,52,0,0,0
1227,23,9739,basic,7,9,1,1
1228,69,10533,basic,9,0,1,1
1229,26,2060,basic,31,5,0,0
1230,32,7866,basic,35,1,1,1
1231,60,8178,enterprise,3,4,0,0
1232,56,10221,basic,23,8,1,1
1233,68,3968,premium,14,5,0,0
1234,56,4073,basic,18,5,0,0
1235,51,11911,basic,11,1,1,1
1236,36,10753,basic,40,9,0,1
1237,18,12545,basic,28,3,0,0
1238,24,5517,premium,57,5,0,0
1239,33,14968,premium,1,8,0,1
1240,20,5546,basic,46,6,1,1
1241,44,10462,premium,54,7,0,1
1242,58,4108,basic,29,1,1,1
1243,68,13940,basic,42,4,1,1
1244,43,6320,premium,27,5,0,0
1245,63,12432,basic,36,1,0,0
1246,69,6306,basic,54,3,0,0
1247,62,12281,enterprise,32,8,0,1
1248,42,7904,enterprise,35,9,0,1
1249,34,2812,premium,59,8,0,1
1250,68,4475,basic,30,9,0,1
1251,30,10884,premium,11,9,0,1
1252,39,4509,basic,41,1,0,0
1253,21,5579,basic,41,8,0,1
1254,59,9042,basic,14,6,0,1
1255,51,5289,enterprise,43,8,0,1
1256,22,3675,enterprise,4,6,0,1
1257,29,10115,premium,19,1,0,0
1258,46,10955,basic,51,5,0,0
1259,46,11529,basic,37,7,0,1
1260,59,14271,basic,36,1,0,0
1261,31,3618,premium,37,5,0,0
1262,66,7548,basic,10,6,1,1
1263,41,5041,basic,57,4,1,1
1264,60,13714,premium,18,7,0,1
1265,30,9017,basic,47,1,1,1
1266,19,3278,premium,59,3,0,0
1267,20,10997,basic,15,9,0,1
1268,37,2558,premium,38,5,0,0
1269,67,5564,basic,3,1,0,0
1270,20,11377,basic,38,1,0,0
1271,37,8578,basic,27,5,1,1
1272,23,11893,basic,5,9,1,1
1273,66,9425,basic,40,0,0,0
1274,53,12959,basic,58,1,0,0
1275,57,9313,basic,5,3,0,0
1276,55,2738,premium,53,2,0,0
1277,52,2926,basic,50,1,0,0
1278,58,12099,premium,33,2,1,1
1279,18,2501,premium,54,6,0,1
1280,63,6895,basic,19,8,0,1
1281,56,2209,premium,43,3,1,1
1282,56,5943,basic,42,7,0,1
1283,38,9736,basic,35,8,0,1
1284,59,4249,basic,50,0,0,0
1285,37,8059,premium,52,8,0,1
1286,20,14948,basic,47,1,0,0
1287,65,2916,basic,35,6,0,1
1288,30,2827,enterprise,58,7,0,1
1289,23,5526,basic,33,8,0,1
1290,50,12751,premium,38,4,0,0
1291,30,7275,premium,12,6,0,1
1292,62,10313,enterprise,19,0,0,0
1293,41,2440,enterprise,54,4,0,0
1294,18,11556,enterprise,30,9,0,1
1295,67,2876,basic,31,1,0,0
1296,44,11252,premium,49,1,0,0
1297,31,3922,premium,20,7,0,1
1298,53,13159,premium,16,5,1,1
1299,45,5849,basic,1,4,0,0
1300,19,4389,enterprise,14,2,0,0
1301,57,6377,basic,31,1,0,0
1302,38,2010,basic,43,7,0,1
1303,54,4146,basic,20,3,0,0
1304,64,9780,basic,27,7,0,1
1305,49,5910,premium,14,4,1,1
1306,52,6600,basic,49,3,0,0
1307,31,12493,premium,31,2,0,0
1308,30,3609,premium,9,6,0,1
1309,39,7146,basic,36,2,1,1
1310,62,4419,premium,20,9,1,1
1311,45,8277,basic,52,4,0,0
1312,36,6312,premium,16,8,0,1
1313,58,2600,enterprise,52,4,1,1
1314,62,2913,basic,42,4,1,1
1315,64,13080,premium,8,4,0,0
1316,33,2739,basic,45,4,1,1
1317,54,12175,basic,43,4,0,0
1318,48,13908,premium,27,8,0,1
1319,41,8055,basic,10,7,0,1
1320,38,6057,premium,29,0,0,0
1321,23,12092,basic,36,0,0,0
1322,32,14768,basic,8,0,0,0
1323,46,3565,premium,21,6,0,1
1324,64,14536,basic,42,2,0,0
1325,63,14268,basic,33,3,0,0
1326,27,3853,basic,59,8,0,1
1327,53,2711,premium,13,1,0,0
1328,22,11294,basic,46,1,0,0
1329,53,3009,basic,26,0,0,0
1330,35,9810,basic,14,2,0,0
1331,41,2841,basic,57,0,0,0
1332,55,10978,enterprise,37,6,0,1
1333,40,5012,basic,32,7,1,1
1334,59,3250,basic,18,1,0,0
1335,45,2865,premium,53,5,0,0
1336,69,4451,basic,2,3,0,0
1337,51,9029,basic,7,0,0,0
1338,33,2996,basic,11,4,1,1
1339,58,12429,basic,39,6,0,1
1340,39,9853,premium,7,2,0,0
1341,45,5864,premium,48,7,0,1
1342,25,14825,enterprise,12,9,0,1
1343,24,10561,premium,40,0,0,0
1344,47,10735,basic,47,1,0,0
1345,27,4261,basic,52,2,0,0
1346,69,11239,premium,18,8,0,1
1347,62,9269,enterprise,5,1,0,0
1348,54,14799,premium,45,4,0,0
1349,56,8213,basic,27,5,1,1
1350,48,10814,premium,56,1,0,0
1351,21,6434,premium,12,0,0,0
1352,38,2522,enterprise,34,1,0,0
1353,43,3662,premium,8,0,0,0
1354,65,13271,basic,29,5,1,1
1355,29,11595,basic,1,9,0,1
1356,43,6740,basic,45,3,0,0
1357,35,11071,basic,36,2,0,0
1358,24,2056,enterprise,6,2,0,0
1359,23,2483,basic,30,9,0,1
1360,36,8594,basic,26,9,1,1
1361,22,10124,basic,40,6,0,1
1362,21,14181,premium,30,4,0,0
1363,36,11875,basic,28,1,1,1
1364,28,5345,basic,50,9,0,1
1365,46,12596,premium,31,0,0,0
1366,18,8389,basic,49,1,0,0
1367,33,12738,basic,53,6,0,1
1368,41,4259,basic,51,1,0,0
1369,68,2340,basic,57,1,0,0
1370,50,2750,premium,42,5,0,0
1371,63,14881,premium,34,0,0,0
1372,35,3047,basic,32,2,0,0
1373,41,14211,enterprise,13,6,1,1
1374,39,11451,premium,49,1,0,0
1375,64,3898,basic,41,7,0,1
1376,67,13232,basic,52,0,0,0
1377,68,3874,basic,42,6,0,1
1378,57,3862,premium,29,0,0,0
1379,44,9481,basic,18,7,0,1
1380,46,5748,basic,59,7,0,1
1381,68,5780,premium,44,7,1,1
1382,32,4535,premium,52,2,0,0
1383,36,9899,premium,35,2,1,1
1384,64,2349,premium,31,9,0,1
1385,38,5185,basic,3,7,0,1
1386,30,9194,premium,5,1,0,0
1387,47,8325,basic,42,0,0,0
1388,34,11098,basic,14,3,0,0
1389,64,4811,enterprise,5,6,0,1
1390,65,10422,basic,46,3,0,0
1391,33,11879,basic,37,8,0,1
1392,45,7044,premium,7,5,1,1
1393,69,5338,basic,30,9,0,1
1394,56,9215,basic,28,8,1,1
1395,29,9525,premium,1,4,0,0
1396,48,3223,premium,36,8,0,1
1397,50,9346,premium,24,4,0,0
1398,51,4005,basic,52,0,0,0
1399,19,9394,basic,7,3,0,0
1400,33,14113,premium,50,4,0,0
1401,62,8981,basic,1,9,1,1
1402,30,11899,basic,46,8,0,1
1403,33,6026,basic,47,1,0,0
1404,34,13995,basic,25,0,0,0
1405,27,12565,basic,17,5,0,0
1406,26,13916,premium,9,5,0,0
1407,36,11640,enterprise,21,7,0,1
1408,63,10442,basic,40,2,0,0
1409,18,8825,premium,43,8,0,1
1410,32,14067,basic,11,4,0,0
1411,21,13026,basic,1,3,0,0
1412,47,7417,premium,34,4,0,0
1413,31,3113,basic,35,9,0,1
1414,59,2047,enterprise,58,3,1,1
1415,48,5035,basic,45,5,0,0
1416,58,2813,basic,33,8,0,1
1417,51,4749,basic,35,0,0,0
1418,40,3423,basic,39,5,0,0
1419,62,14753,premium,27,7,0,1
1420,42,3239,premium,40,9,0,1
1421,67,10149,basic,12,0,1,1
1422,69,6572,basic,49,7,0,1
1423,48,4264,premium,51,8,0,1
1424,53,11116,premium,26,3,0,0
1425,31,14617,basic,27,7,0,1
1426,60,12278,basic,30,4,0,0
1427,52,14678,basic,49,6,0,1
1428,64,9672,basic,11,3,0,0
1429,31,10756,basic,21,1,0,0
1430,58,3903,basic,37,8,0,1
1431,42,13081,basic,41,2,0,0
1432,27,11722,basic,18,1,0,0
1433,26,5302,basic,7,8,0,1
1434,47,6612,enterprise,30,9,1,1
1435,34,9941,basic,38,6,0,1
1436,23,2168,basic,46,5,0,0
1437,40,12632,basic,1,3,0,0
1438,51,5647,basic,2,6,1,1
1439,34,2974,premium,23,6,0,1
1440,67,6297,basic,34,5,0,0
1441,58,12864,basic,1,6,0,1
1442,44,5565,enterprise,11,5,1,1
1443,66,9009,premium,25,8,0,1
1444,40,12554,premium,17,6,0,1
1445,25,2438,basic,42,3,0,0
1446,19,11879,basic,3,6,0,1
1447,66,5753,premium,53,2,0,0
1448,67,11042,basic,10,2,0,0
1449,56,4445,premium,26,8,0,1
1450,23,3807,premium,59,5,0,0
1451,33,12247,basic,40,0,0,0
1452,20,12501,basic,59,3,0,0
1453,20,14757,basic,2,9,0,1
1454,30,10803,basic,43,6,0,1
1455,47,8056,premium,5,8,0,1
1456,21,4532,premium,37,5,0,0
1457,69,5837,basic,20,0,0,0
1458,41,10425,premium,46,1,1,1
1459,31,6499,basic,8,0,1,1
1460,44,8285,premium,53,7,0,1
1461,59,4184,basic,29,7,0,1
1462,34,7711,premium,31,4,1,1
1463,20,5093,premium,34,7,0,1
1464,20,3457,basic,3,5,0,0
1465,62,3715,basic,19,7,0,1
1466,23,8737,premium,42,6,0,1
1467,51,6763,basic,57,4,0,0
1468,37,3299,premium,59,6,1,1
1469,58,8685,enterprise,32,3,0,0
1470,21,4135,premium,16,7,0,1
1471,64,2200,basic,29,9,0,1
1472,54,3723,premium,28,2,0,0
1473,41,7830,enterprise,24,6,0,1
1474,28,14403,basic,22,1,1,1
1475,68,5141,basic,52,3,0,0
1476,33,5703,basic,24,6,0,1
1477,43,5154,premium,2,2,0,0
1478,38,6617,basic,43,2,0,0
1479,29,11325,basic,40,3,0,0
1480,39,6187,basic,23,1,0,0
1481,25,10548,premium,38,6,0,1
1482,18,13677,basic,56,1,0,0
1483,33,14300,premium,55,3,0,0
1484,23,9318,premium,47,3,0,0
1485,39,11272,enterprise,35,9,1,1
1486,62,13949,premium,2,9,1,1
1487,26,12226,basic,31,0,0,0
1488,18,5899,premium,49,1,1,1
1489,23,3716,basic,50,7,0,1
1490,44,3492,enterprise,46,2,0,0
1491,32,13466,basic,59,6,0,1
1492,43,9230,premium,31,9,0,1
1493,19,5852,premium,7,1,0,0
1494,35,6491,basic,30,9,0,1
1495,39,5661,premium,19,0,0,0
1496,40,12424,basic,50,2,0,0
1497,46,9961,basic,46,5,0,0
1498,58,13432,basic,26,8,0,1
1499,42,5923,basic,23,5,1,1
1500,61,8143,basic,10,1,0,0
1501,45,3582,enterprise,3,2,0,0
1502,31,14627,basic,19,7,0,1
1503,29,8654,basic,15,5,0,0
1504,34,9189,premium,16,0,0,0
1505,49,7377,premium,59,5,0,0
1506,30,5521,basic,41,4,0,0
1507,65,14329,enterprise,33,0,0,0
1508,42,8356,basic,11,2,0,0
1509,62,10772,basic,50,9,0,1
1510,53,2485,basic,39,7,0,1
1511,35,5587,premium,31,0,0,0
1512,29,12452,basic,28,0,0,0
1513,56,3141,basic,33,3,0,0
1514,35,3318,premium,50,4,0,0
1515,30,12527,basic,43,4,0,0
1516,66,6013,basic,29,6,0,1
1517,43,5560,premium,40,1,0,0
1518,20,9349,premium,55,0,0,0
1519,43,4533,basic,20,6,0,1
1520,41,2558,basic,54,8,0,1
1521,62,2057,enterprise,36,1,1,1
1522,55,3031,basic,11,3,0,0
1523,27,4060,basic,58,6,0,1
1524,25,11049,basic,41,1,0,0
1525,49,5873,basic,23,8,0,1
1526,20,2933,enterprise,13,2,0,0
1527,34,2187,basic,55,5,0,0
1528,25,8202,basic,49,3,0,0
1529,19,12921,basic,3,6,0,1
1530,65,6403,basic,38,1,0,0
1531,22,2830,basic,7,0,0,0
1532,18,4965,enterprise,18,5,0,0
1533,66,8491,premium,34,8,0,1
1534,27,4454,basic,15,6,1,1
1535,60,14720,basic,31,7,0,1
1536,19,11924,basic,26,4,0,0
1537,25,6479,basic,35,1,0,0
1538,23,14370,basic,48,4,1,1
1539,54,6225,basic,10,9,0,1
1540,50,3822,premium,47,7,0,1
1541,42,14197,premium,14,7,1,1
1542,30,14475,basic,2,3,0,0
1543,22,6064,enterprise,27,5,0,0
1544,47,9731,basic,18,6,1,1
1545,29,4252,basic,11,6,1,1
1546,48,10341,premium,25,8,0,1
1547,53,10971,basic,52,6,0,1
1548,62,11229,basic,35,2,0,0
1549,43,9393,premium,43,2,0,0
1550,18,11153,basic,9,6,0,1
1551,32,9215,premium,5,8,0,1
1552,62,12657,basic,20,9,0,1
1553,45,4334,premium,46,6,0,1
1554,50,8285,basic,53,5,1,1
1555,41,7413,basic,7,8,0,1
1556,26,8933,basic,29,9,0,1
1557,64,3847,premium,24,0,0,0
1558,58,6209,basic,44,3,0,0
1559,69,14403,premium,13,3,0,0
1560,62,3368,basic,29,5,0,0
1561,33,10258,basic,51,2,0,0
1562,31,10640,basic,28,3,0,0
1563,30,8168,basic,47,0,0,0
1564,65,2436,enterprise,37,0,0,0
1565,46,2446,basic,36,4,1,1
1566,41,5583,premium,16,9,0,1
1567,68,3332,basic,59,2,0,0
1568,49,3224,basic,15,2,0,0
1569,65,4081,premium,55,2,1,1
1570,69,4479,premium,59,9,0,1
1571,22,12900,premium,31,6,0,1
1572,36,10303,basic,52,6,0,1
1573,56,2395,premium,43,1,0,0
1574,60,10170,premium,44,9,0,1
1575,25,3777,basic,5,1,1,1
1576,34,7473,premium,9,9,0,1
1577,46,2494,basic,5,9,0,1
1578,59,3172,premium,2,5,0,0
1579,23,3723,enterprise,50,8,0,1
1580,49,7633,enterprise,11,9,0,1
1581,33,8020,premium,1,5,0,0
1582,29,6585,premium,56,7,1,1
1583,44,10062,premium,17,5,0,0
1584,39,11365,basic,49,5,0,0
1585,51,11473,basic,57,3,1,1
1586,34,9527,basic,31,6,0,1
1587,60,9092,basic,55,2,0,0
1588,22,8390,enterprise,58,1,1,1
1589,62,5093,premium,9,2,0,0
1590,19,8330,basic,9,0,0,0
1591,56,2131,basic,22,9,1,1
1592,36,14561,premium,33,2,0,0
1593,37,6811,basic,47,7,0,1
1594,18,11831,premium,11,4,0,0
1595,54,14437,enterprise,12,3,0,0
1596,26,8460,basic,19,2,0,0
1597,52,13203,basic,17,8,0,1
1598,55,8229,basic,56,5,0,0
1599,61,3719,basic,24,4,0,0
1600,54,2344,basic,52,6,0,1
1601,33,3763,basic,4,8,0,1
1602,56,14252,basic,7,6,0,1
1603,60,8176,basic,48,4,0,0
1604,34,6149,basic,15,8,0,1
1605,24,7798,premium,5,8,0,1
1606,64,5327,basic,36,9,0,1
1607,25,13317,premium,9,0,1,1
1608,48,14992,basic,4,8,0,1
1609,30,3103,basic,24,1,0,0
1610,24,11342,basic,33,6,1,1
1611,58,6362,premium,32,6,0,1
1612,25,2615,basic,35,2,0,0
1613,52,13988,basic,2,0,0,0
1614,54,2804,basic,18,9,0,1
1615,21,4676,enterprise,21,8,0,1
1616,26,2331,basic,18,1,0,0
1617,59,8126,basic,33,6,0,1
1618,44,9795,premium,14,1,1,1
1619,24,6168,basic,38,5,0,0
1620,69,2930,basic,56,3,0,0
1621,31,3510,premium,39,7,0,1
1622,18,14134,basic,23,5,0,0
1623,66,12476,basic,26,4,0,0
1624,18,14179,basic,35,6,0,1
1625,46,8900,basic,43,4,0,0
1626,69,9098,enterprise,18,0,0,0
1627,48,12217,premium,3,5,0,0
1628,48,10016,basic,42,7,0,1
1629,38,7673,basic,40,4,0,0
1630,24,5794,premium,6,1,0,0
1631,47,8311,premium,37,0,0,0
1632,64,2831,basic,5,2,0,0
1633,22,4501,premium,38,7,0,1
1634,63,11586,basic,44,3,0,0
1635,39,13284,premium,1,9,0,1
1636,45,3323,basic,43,3,0,0
1637,26,3259,basic,8,4,1,1
1638,50,3112,premium,16,7,0,1
1639,27,12290,premium,42,6,0,1
1640,32,6045,basic,21,0,0,0
1641,55,6247,basic,58,0,0,0
1642,20,2162,premium,57,1,0,0
1643,41,14643,basic,59,8,0,1
1644,48,7642,basic,7,0,0,0
1645,24,12366,premium,11,0,0,0
1646,33,11199,basic,11,7,0,1
1647,35,3843,basic,35,6,0,1
1648,52,12417,basic,26,9,0,1
1649,68,9153,enterprise,45,2,0,0
1650,61,9855,basic,17,6,1,1
1651,27,4604,premium,12,1,0,0
1652,18,13009,enterprise,39,5,0,0
1653,20,14111,premium,37,1,0,0
1654,48,7284,basic,41,9,0,1
1655,26,3202,basic,19,4,0,0
1656,30,13034,basic,32,2,0,0
1657,62,13536,basic,55,9,0,1
1658,63,8584,enterprise,37,0,0,0
1659,61,9528,premium,56,7,0,1
1660,31,4899,basic,26,5,0,0
1661,50,2877,basic,3,6,0,1
1662,49,14273,premium,45,2,1,1
1663,27,8278,basic,28,8,0,1
1664,46,5574,premium,3,4,0,0
1665,45,11012,basic,9,4,0,0
1666,38,2340,premium,19,4,0,0
1667,57,3039,premium,12,2,0,0
1668,53,5154,basic,41,3,0,0
1669,45,7858,basic,37,1,0,0
1670,55,6766,premium,20,4,0,0
1671,57,4435,basic,5,4,1,1
1672,47,6567,basic,5,3,1,1
1673,31,6340,basic,56,9,0,1
1674,57,8820,basic,21,1,0,0
1675,55,9315,premium,7,9,0,1
1676,69,13480,basic,42,8,1,1
1677,25,12488,basic,52,0,0,0
1678,39,5800,premium,8,7,0,1
1679,66,13734,basic,56,2,1,1
1680,44,8770,basic,43,0,0,0
1681,67,4439,premium,15,8,0,1
1682,18,6421,premium,46,1,0,0
1683,19,11642,basic,25,2,0,0
1684,59,12683,premium,38,0,0,0
1685,36,6863,basic,8,1,0,0
1686,45,4048,basic,15,0,0,0
1687,40,4494,enterprise,46,8,1,1
1688,39,3345,premium,48,0,0,0
1689,66,11083,basic,1,7,0,1
1690,22,8538,basic,13,1,0,0
1691,58,7865,basic,36,9,0,1
1692,64,10734,basic,54,8,0,1
1693,52,12772,premium,40,6,0,1
1694,38,12341,premium,42,8,0,1
1695,26,3782,basic,23,2,1,1
1696,53,9665,basic,4,7,0,1
1697,42,13472,basic,46,2,0,0
1698,25,12060,basic,48,6,0,1
1699,36,6282,premium,27,9,0,1
1700,68,7105,basic,30,7,1,1
1701,31,13572,basic,14,2,0,0
1702,27,2427,premium,27,7,0,1
1703,53,8830,enterprise,15,8,0,1
1704,28,3509,basic,25,8,0,1
1705,65,13629,basic,8,7,0,1
1706,62,2503,basic,36,7,0,1
1707,69,2304,basic,15,7,0,1
1708,65,6276,basic,43,7,0,1
1709,30,4602,premium,31,1,0,0
1710,29,8441,basic,53,8,0,1
1711,35,5894,basic,14,1,0,0
1712,42,6632,premium,17,5,0,0
1713,63,9343,basic,15,3,0,0
1714,56,9287,premium,38,2,0,0
1715,51,14154,premium,7,2,0,0
1716,63,8247,premium,41,0,0,0
1717,51,9335,premium,49,4,0,0
1718,37,10813,premium,40,4,0,0
1719,39,4265,premium,8,4,0,0
1720,44,10670,basic,30,0,0,0
1721,22,13204,basic,32,6,0,1
1722,56,6134,basic,24,1,0,0
1723,51,4318,basic,28,8,0,1
1724,56,6500,basic,45,0,0,0
1725,45,5575,basic,50,0,0,0
1726,58,9606,basic,18,3,0,0
1727,67,13228,basic,20,4,1,1
1728,47,9753,basic,13,9,0,1
1729,41,3631,premium,24,5,1,1
1730,23,6091,basic,33,3,0,0
1731,58,10961,premium,43,8,0,1
1732,65,6294,basic,16,2,0,0
1733,54,9623,premium,13,8,0,1
1734,63,11022,premium,2,4,0,0
1735,62,6279,basic,6,3,0,0
1736,59,10416,enterprise,4,3,1,1
1737,44,7175,basic,13,0,0,0
1738,23,3755,basic,42,6,1,1
1739,18,6838,premium,46,5,0,0
1740,28,7733,basic,58,6,0,1
1741,40,2031,basic,33,6,0,1
1742,56,13605,basic,27,0,0,0
1743,41,8862,basic,54,8,1,1
1744,19,2471,basic,9,5,0,0
1745,28,13283,basic,38,6,0,1
1746,68,13117,basic,49,0,0,0
1747,69,2156,premium,30,7,0,1
1748,37,4121,basic,16,6,1,1
1749,59,6729,basic,37,3,0,0
1750,55,8594,premium,59,9,0,1
1751,66,11434,basic,14,6,0,1
1752,64,7516,basic,34,9,0,1
1753,50,9952,premium,3,8,0,1
1754,38,2131,enterprise,14,2,0,0
1755,50,10561,basic,46,9,0,1
1756,34,13900,basic,30,7,0,1
1757,36,8840,premium,12,1,0,0
1758,49,7914,premium,20,7,0,1
1759,47,5862,basic,8,4,0,0
1760,48,14405,basic,46,8,1,1
1761,38,2431,basic,56,1,1,1
1762,39,5727,basic,7,2,0,0
1763,18,3803,enterprise,15,3,0,0
1764,49,13261,premium,51,4,0,0
1765,47,8273,basic,52,6,1,1
1766,66,13991,premium,46,2,1,1
1767,44,10647,premium,43,7,0,1
1768,42,9238,basic,51,0,0,0
1769,21,8727,premium,23,3,0,0
1770,28,4634,basic,53,6,0,1
1771,35,9306,basic,53,2,1,1
1772,37,10908,basic,14,4,1,1
1773,36,14549,basic,5,6,1,1
1774,38,9136,enterprise,31,2,0,0
1775,57,14204,basic,45,9,0,1
1776,24,14278,basic,51,8,1,1
1777,35,8793,basic,9,9,0,1
1778,26,7710,basic,23,4,0,0
1779,34,3855,basic,46,3,0,0
1780,53,5490,premium,4,9,0,1
1781,20,13428,basic,43,7,0,1
1782,35,3797,basic,18,7,1,1
1783,19,7161,premium,2,1,0,0
1784,67,11082,basic,15,8,0,1
1785,55,5128,premium,44,5,0,0
1786,30,14663,basic,52,7,0,1
1787,28,10443,basic,5,8,0,1
1788,23,2368,premium,28,1,0,0
1789,42,5213,premium,12,0,0,0
1790,57,11625,premium,41,0,0,0
1791,48,13221,basic,47,6,0,1
1792,63,14050,basic,57,9,0,1
1793,35,13065,premium,21,0,0,0
1794,32,2972,basic,18,1,0,0
1795,42,11485,premium,19,4,0,0
1796,28,3432,basic,45,3,0,0
1797,68,2995,premium,27,1,0,0
1798,27,10995,basic,2,6,0,1
1799,42,8216,basic,56,9,0,1
1800,45,10423,basic,7,2,0,0
1801,20,13069,basic,55,0,0,0
1802,42,2894,premium,10,2,0,0
1803,41,8857,basic,32,1,0,0
1804,31,12847,basic,19,4,0,0
1805,24,7723,premium,41,1,0,0
1806,20,8804,premium,24,3,1,1
1807,18,8472,basic,22,1,0,0
1808,43,13793,enterprise,29,6,0,1
1809,22,2648,basic,58,4,0,0
1810,67,13413,premium,15,0,0,0
1811,30,12612,basic,13,0,1,1
1812,51,12562,basic,4,4,1,1
1813,53,7359,basic,44,5,0,0
1814,43,8706,basic,40,1,0,0
1815,63,6796,basic,36,3,1,1
1816,23,5272,basic,2,6,0,1
1817,30,13380,premium,47,4,1,1
1818,31,8577,basic,48,1,0,0
1819,25,11403,basic,56,3,1,1
1820,33,3310,enterprise,55,1,0,0
1821,34,12256,premium,16,9,0,1
1822,57,10564,enterprise,42,8,1,1
1823,33,14968,basic,24,3,0,0
1824,63,3741,basic,36,2,1,1
1825,58,9020,basic,20,1,0,0
1826,64,8645,basic,39,7,0,1
1827,23,8999,basic,57,9,0,1
1828,69,2706,premium,39,2,0,0
1829,49,8150,premium,55,6,0,1
1830,69,5893,premium,55,2,0,0
1831,36,10025,basic,8,9,0,1
1832,67,5017,premium,57,2,0,0
1833,48,7655,basic,49,0,0,0
1834,21,10060,enterprise,26,8,0,1
1835,39,2832,basic,36,9,1,1
1836,25,12228,basic,37,3,0,0
1837,66,11304,basic,47,9,0,1
1838,33,2744,premium,48,2,0,0
1839,29,2841,enterprise,7,2,0,0
1840,46,13053,premium,1,5,1,1
1841,40,5683,premium,15,6,0,1
1842,23,13189,enterprise,32,3,0,0
1843,60,8490,premium,51,7,0,1
1844,61,6449,basic,39,7,0,1
1845,56,5556,premium,9,1,0,0
1846,50,10567,basic,43,9,0,1
1847,38,3426,basic,28,1,0,0
1848,46,7233,basic,22,5,0,0
1849,45,6496,basic,46,4,0,0
1850,26,4004,enterprise,18,4,0,0
1851,22,6586,enterprise,37,1,0,0
1852,31,8872,basic,11,3,0,0
1853,41,10808,premium,23,0,0,0
1854,26,3122,basic,33,9,0,1
1855,23,13341,basic,37,1,0,0
1856,62,13420,basic,55,4,0,0
1857,37,10995,basic,18,2,0,0
1858,48,14015,basic,53,1,0,0
1859,45,7563,basic,49,3,0,0
1860,56,12680,basic,22,9,0,1
1861,56,11454,basic,9,4,0,0
1862,33,9312,enterprise,16,9,1,1
1863,62,4333,basic,39,8,0,1
1864,37,9248,basic,47,4,0,0
1865,61,13717,basic,37,9,1,1
1866,39,14799,basic,43,3,0,0
1867,23,7824,basic,6,5,0,0
1868,57,5222,basic,30,6,0,1
1869,19,11717,premium,52,5,0,0
1870,58,2987,basic,23,8,0,1
1871,20,3964,premium,54,1,1,1
1872,28,9305,basic,8,4,0,0
1873,49,14872,basic,58,6,0,1
1874,66,6274,basic,47,3,1,1
1875,39,7763,basic,37,8,0,1
1876,24,6190,basic,37,3,0,0
1877,30,7726,basic,56,3,0,0
1878,64,2092,basic,23,3,0,0
1879,55,9731,premium,10,6,0,1
1880,23,9751,basic,55,1,0,0
1881,38,6102,basic,7,1,0,0
1882,31,5432,premium,39,7,0,1
1883,27,11900,basic,16,2,0,0
1884,62,4442,premium,55,1,0,0
1885,50,2611,enterprise,58,2,0,0
1886,27,2525,enterprise,28,3,0,0
1887,51,13462,basic,32,0,0,0
1888,39,6736,basic,27,8,1,1
1889,21,3323,premium,26,1,0,0
1890,41,13426,premium,56,4,0,0
1891,27,3932,premium,17,2,0,0
1892,30,6376,basic,57,2,0,0
1893,63,2268,basic,39,0,0,0
1894,54,10827,basic,57,9,0,1
1895,24,11090,basic,37,9,0,1
1896,62,11835,basic,49,1,0,0
1897,47,5419,enterprise,29,1,0,0
1898,63,6265,basic,28,8,1,1
1899,56,14195,premium,16,4,1,1
1900,35,12681,enterprise,13,0,0,0
1901,45,2483,basic,3,1,0,0
1902,45,10994,basic,23,4,0,0
1903,55,12565,premium,59,5,0,0
1904,30,9270,basic,56,6,1,1
1905,35,10318,basic,41,1,0,0
1906,30,2012,premium,22,3,0,0
1907,33,2390,premium,31,2,0,0
1908,26,2456,premium,45,5,1,1
1909,19,4066,enterprise,1,3,0,0
1910,66,14881,basic,55,2,0,0
1911,21,10246,premium,52,8,0,1
1912,64,12169,premium,58,5,0,0
1913,18,5842,premium,6,4,0,0
1914,58,14188,premium,56,1,0,0
1915,35,4585,premium,37,0,0,0
1916,44,13729,premium,33,7,0,1
1917,32,2400,basic,11,9,0,1
1918,43,2265,premium,30,5,0,0
1919,41,3025,basic,22,0,0,0
1920,45,12294,basic,59,4,0,0
1921,38,5347,premium,21,2,0,0
1922,45,7864,premium,13,0,0,0
1923,60,8127,basic,56,1,0,0
1924,40,12264,basic,12,4,0,0
1925,36,6533,basic,54,4,0,0
1926,24,2087,basic,57,5,1,1
1927,36,7024,basic,19,6,1,1
1928,24,5746,enterprise,41,2,0,0
1929,27,11501,basic,48,2,0,0
1930,67,11767,enterprise,32,6,0,1
1931,22,3195,basic,42,1,1,1
1932,43,12309,premium,8,0,0,0
1933,61,2916,basic,31,8,0,1
1934,67,10056,premium,31,2,0,0
1935,25,7060,premium,34,1,0,0
1936,26,5916,premium,56,7,0,1
1937,37,8281,enterprise,49,5,0,0
1938,46,6034,basic,36,1,0,0
1939,67,12320,basic,24,8,1,1
1940,28,14567,basic,24,2,0,0
1941,26,12605,premium,2,6,1,1
1942,31,7709,basic,33,6,0,1
1943,63,8542,basic,15,8,0,1
1944,19,7812,basic,53,7,1,1
1945,37,12316,basic,46,7,1,1
1946,24,9180,premium,54,0,0,0
1947,26,8085,premium,59,9,1,1
1948,65,7323,premium,24,1,0,0
1949,18,6875,premium,26,2,0,0
1950,34,9184,premium,36,4,0,0
1951,65,10956,basic,26,2,1,1
1952,49,7620,enterprise,17,5,0,0
1953,21,12486,basic,42,0,1,1
1954,42,12747,premium,27,4,0,0
1955,68,7578,premium,56,3,0,0
1956,38,13817,basic,13,6,0,1
1957,45,4249,basic,27,5,0,0
1958,45,14117,basic,32,7,0,1
1959,52,5823,basic,54,1,0,0
1960,27,9335,enterprise,35,9,0,1
1961,61,5686,basic,5,3,1,1
1962,69,7747,basic,20,3,0,0
1963,25,6420,basic,53,5,0,0
1964,60,11168,basic,17,1,1,1
1965,60,3055,basic,21,8,0,1
1966,56,12898,basic,9,2,0,0
1967,37,13749,basic,43,9,0,1
1968,42,9318,basic,9,1,0,0
1969,61,9114,basic,22,8,0,1
1970,25,11099,basic,42,3,0,0
1971,61,4587,premium,53,6,0,1
1972,65,11746,basic,14,8,1,1
1973,53,4842,basic,20,1,1,1
1974,35,10793,enterprise,7,3,0,0
1975,47,5972,basic,26,9,1,1
1976,20,11699,basic,59,1,0,0
1977,66,12283,premium,18,1,0,0
1978,35,4712,basic,16,5,0,0
1979,20,10026,premium,24,0,1,1
1980,59,8478,premium,53,9,1,1
1981,52,5822,enterprise,33,9,0,1
1982,50,9647,enterprise,36,1,0,0
1983,20,14904,basic,47,1,0,0
1984,57,2032,premium,43,7,0,1
1985,51,14439,basic,36,5,0,0
1986,59,13127,premium,34,8,0,1
1987,61,8881,basic,32,9,0,1
1988,29,9930,basic,11,4,0,0
1989,28,6799,basic,25,2,0,0
1990,66,3678,basic,50,6,0,1
1991,45,9429,basic,3,6,0,1
1992,40,12612,basic,49,4,0,0
1993,32,5004,enterprise,34,2,0,0
1994,51,11321,basic,21,2,0,0
1995,57,11724,premium,7,5,0,0
1996,18,11857,premium,46,4,0,0
1997,46,6420,premium,1,4,1,1
1998,69,7096,basic,33,0,0,0
1999,32,7410,premium,10,8,0,1
2000,32,13104,premium,54,7,0,1
2001,63,13705,premium,11,9,0,1
2002,21,7382,enterprise,48,8,0,1
2003,38,14609,basic,34,6,0,1
2004,41,9416,basic,3,3,1,1
2005,59,7005,premium,43,6,0,1
2006,24,2008,basic,52,5,0,0
2007,40,9943,premium,14,9,0,1
2008,25,10383,basic,58,2,0,0
2009,58,14588,basic,48,0,0,0
2010,50,11336,basic,44,1,0,0
2011,43,2385,basic,20,1,0,0
2012,38,9372,enterprise,8,6,0,1
2013,25,11656,basic,26,1,1,1
2014,65,8455,premium,48,1,0,0
2015,51,7581,basic,35,3,0,0
2016,34,12529,enterprise,39,7,0,1
2017,39,9947,basic,47,4,0,0
2018,55,10857,basic,20,2,0,0
2019,55,8033,basic,3,2,0,0
2020,41,5614,basic,53,8,0,1
2021,33,8748,enterprise,37,4,0,0
2022,52,14467,enterprise,34,3,0,0
2023,52,9834,basic,34,7,0,1
2024,49,11194,basic,51,3,0,0
2025,21,3613,basic,46,3,0,0
2026,42,14843,basic,40,7,0,1
2027,49,5181,basic,47,3,1,1
2028,67,14626,basic,18,5,0,0
2029,45,7794,premium,42,6,0,1
2030,35,13945,premium,58,2,0,0
2031,46,13593,basic,14,1,0,0
2032,27,11819,basic,34,8,0,1
2033,22,13913,basic,41,2,0,0
2034,53,9922,basic,31,3,0,0
2035,69,13034,basic,58,5,0,0
2036,61,4238,premium,24,1,0,0
2037,48,2913,basic,13,0,1,1
2038,20,9063,premium,9,4,0,0
2039,69,12528,premium,51,9,0,1
2040,41,11949,enterprise,41,5,0,0
2041,33,8862,premium,35,5,0,0
2042,64,8771,basic,26,6,0,1
2043,56,9927,basic,25,8,0,1
2044,56,13287,basic,56,8,0,1
2045,32,12943,enterprise,41,0,0,0
2046,69,3425,enterprise,57,5,1,1
2047,41,9744,basic,48,5,0,0
2048,45,6952,basic,46,2,1,1
2049,57,12392,basic,33,9,0,1
2050,52,8577,basic,15,2,0,0
2051,26,14887,enterprise,39,8,0,1
2052,33,7620,basic,43,1,0,0
2053,36,10828,basic,31,6,0,1
2054,67,3411,basic,2,7,0,1
2055,55,14120,basic,57,5,0,0
2056,37,3995,basic,49,1,0,0
2057,56,6918,premium,21,1,0,0
2058,56,12889,basic,30,6,1,1
2059,38,14576,basic,8,8,0,1
2060,38,8296,basic,56,5,0,0
2061,64,8301,basic,14,1,1,1
2062,47,2633,basic,23,7,0,1
2063,25,14725,basic,26,4,0,0
2064,55,2214,basic,16,0,0,0
2065,48,2339,basic,38,3,1,1
2066,44,8155,premium,59,2,0,0
2067,55,2047,premium,51,9,0,1
2068,65,4136,enterprise,32,9,0,1
2069,35,10160,basic,8,1,0,0
2070,39,11166,premium,51,5,0,0
2071,27,5876,premium,16,0,1,1
2072,51,12339,basic,54,4,0,0
2073,38,9900,basic,24,1,0,0
2074,35,4967,basic,31,7,0,1
2075,54,11261,premium,26,0,0,0
2076,39,9698,basic,27,9,0,1
2077,42,12557,basic,10,2,0,0
2078,40,4007,enterprise,33,2,0,0
2079,31,5001,basic,24,8,0,1
2080,24,5946,enterprise,51,9,0,1
2081,61,6438,premium,29,0,0,0
2082,22,13554,premium,57,1,0,0
2083,34,11523,premium,18,8,0,1
2084,52,9073,basic,20,9,1,1
2085,24,9025,premium,3,4,1,1
2086,52,13516,premium,44,1,0,0
2087,56,7808,premium,5,1,0,0
2088,52,4928,basic,17,2,0,0
2089,33,3779,basic,54,6,0,1
2090,19,6290,basic,37,0,0,0
2091,64,10492,basic,33,6,0,1
2092,34,8122,basic,48,8,1,1
2093,59,7483,premium,46,1,0,0
2094,28,8241,premium,53,9,0,1
2095,26,14673,premium,40,9,1,1
2096,58,14969,basic,27,2,0,0
2097,66,4096,basic,8,1,0,0
2098,62,3487,basic,22,3,0,0
2099,57,5176,basic,42,2,1,1
2100,30,13075,basic,15,2,1,1
2101,65,7973,basic,40,9,0,1
2102,52,13227,basic,8,1,0,0
2103,26,10407,basic,4,3,1,1
2104,24,9191,basic,22,7,1,1
2105,63,5659,basic,14,0,0,0
2106,32,6472,basic,52,0,0,0
2107,57,3920,premium,23,3,1,1
2108,25,8749,basic,25,9,0,1
2109,32,5644,basic,24,8,0,1
2110,32,5802,basic,19,9,0,1
2111,32,2514,enterprise,55,8,0,1
2112,53,12388,basic,44,1,0,0
2113,65,14210,premium,10,4,0,0
2114,65,8477,basic,13,5,0,0
2115,56,8968,premium,5,1,0,0
2116,28,14035,premium,16,9,0,1
2117,67,8649,basic,39,6,0,1
2118,46,10094,premium,56,8,0,1
2119,46,7565,basic,29,2,1,1
2120,54,8686,premium,5,7,0,1
2121,57,8784,basic,3,1,0,0
2122,67,11243,basic,25,0,0,0
2123,48,9854,enterprise,16,6,0,1
2124,49,8551,premium,35,0,1,1
2125,56,2985,basic,7,2,0,0
2126,31,13758,enterprise,14,7,1,1
2127,34,13547,basic,33,4,0,0
2128,50,4397,basic,17,3,0,0
2129,21,5813,premium,22,2,0,0
2130,34,14653,basic,14,6,0,1
2131,55,6173,basic,4,9,1,1
2132,68,12558,premium,21,7,0,1
2133,45,12214,basic,20,3,1,1
2134,38,13189,basic,54,4,0,0
2135,40,2208,basic,53,1,0,0
2136,53,8277,premium,26,1,1,1
2137,46,9351,basic,17,2,0,0
2138,19,12883,basic,25,3,0,0
2139,46,4918,premium,36,9,0,1
2140,38,5988,basic,23,8,0,1
2141,54,4338,basic,45,1,1,1
2142,63,11905,premium,57,3,0,0
2143,68,14985,premium,24,0,0,0
2144,49,3825,basic,7,0,0,0
2145,36,5030,premium,8,3,0,0
2146,41,5991,premium,52,9,1,1
2147,27,13557,basic,25,1,0,0
2148,66,7794,premium,20,6,0,1
2149,62,5665,premium,37,3,0,0
2150,62,6190,premium,57,5,0,0
2151,35,9775,basic,26,8,1,1
2152,34,7031,premium,19,8,0,1
2153,62,3825,enterprise,51,8,0,1
2154,46,12661,basic,5,4,0,0
2155,54,7489,premium,50,0,1,1
2156,43,5336,premium,31,9,0,1
2157,41,11469,premium,2,9,0,1
2158,50,11688,enterprise,14,8,1,1
2159,60,4015,basic,41,4,1,1
2160,35,2958,basic,45,2,0,0
2161,60,2590,basic,12,1,0,0
2162,30,11954,basic,39,3,0,0
2163,38,10134,basic,59,3,0,0
2164,65,12296,premium,41,2,0,0
2165,67,10143,enterprise,42,9,0,1
2166,66,7222,basic,12,6,0,1
2167,34,9664,premium,38,2,0,0
2168,61,11392,basic,42,6,0,1
2169,66,7184,basic,7,7,0,1
2170,68,13896,basic,19,5,0,0
2171,19,13694,basic,53,9,0,1
2172,56,12409,basic,59,9,0,1
2173,69,14899,premium,11,4,0,0
2174,57,7075,premium,44,4,0,0
2175,30,3483,basic,30,2,0,0
2176,57,8294,basic,35,7,0,1
2177,23,11696,basic,31,9,0,1
2178,42,12131,enterprise,52,6,0,1
2179,50,7050,enterprise,27,2,1,1
2180,41,5803,basic,35,5,0,0
2181,54,7791,basic,40,7,0,1
2182,30,12450,basic,33,0,0,0
2183,49,2787,premium,52,5,0,0
2184,51,6264,basic,15,6,0,1
2185,50,4988,basic,56,5,0,0
2186,33,12477,basic,41,6,0,1
2187,33,8105,basic,57,8,0,1
2188,31,3128,basic,23,1,1,1
2189,42,5403,basic,29,5,0,0
2190,48,2577,premium,3,7,0,1
2191,36,8182,basic,55,8,0,1
2192,39,14969,basic,49,4,0,0
2193,32,9374,basic,18,9,0,1
2194,29,13302,basic,4,3,0,0
2195,52,11653,premium,42,4,0,0
2196,60,13477,enterprise,40,8,1,1
2197,33,6043,basic,32,4,0,0
2198,62,14366,premium,10,3,0,0
2199,47,5102,premium,55,5,0,0
2200,26,7698,premium,26,6,1,1
2201,37,10856,basic,43,9,1,1
2202,18,5728,basic,51,6,0,1
2203,20,5437,basic,33,1,0,0
2204,35,3690,enterprise,6,0,0,0
2205,41,2054,premium,53,9,0,1
2206,59,8515,basic,40,4,1,1
2207,24,14827,basic,53,2,1,1
2208,61,4860,basic,37,2,0,0
2209,30,7722,basic,54,1,1,1
2210,25,14162,premium,52,1,0,0
2211,54,12040,basic,13,7,0,1
2212,58,2052,premium,11,6,0,1
2213,49,8507,premium,10,5,0,0
2214,24,3861,premium,48,0,1,1
2215,23,5211,premium,15,6,0,1
2216,38,5204,basic,27,9,0,1
2217,41,9962,premium,47,9,0,1
2218,69,4586,premium,26,3,0,0
2219,32,5274,basic,4,6,0,1
2220,28,4935,basic,22,2,0,0
2221,67,6639,basic,6,8,0,1
2222,26,10528,basic,23,9,0,1
2223,19,7199,basic,44,2,0,0
2224,39,6257,basic,31,4,0,0
2225,38,8728,premium,40,2,0,0
2226,50,9995,basic,7,6,0,1
2227,63,2199,basic,45,2,0,0
2228,66,13573,basic,26,6,0,1
2229,33,13913,basic,17,9,1,1
2230,69,9833,enterprise,39,8,0,1
2231,50,9469,basic,8,1,0,0
2232,21,11028,basic,30,1,1,1
2233,66,7731,basic,25,8,0,1
2234,25,6751,basic,10,0,0,0
2235,48,6584,premium,57,4,0,0
2236,59,4076,premium,22,9,0,1
2237,30,12935,basic,3,4,0,0
2238,32,6167,premium,27,0,0,0
2239,42,5697,basic,58,9,0,1
2240,64,14535,premium,40,7,0,1
2241,29,8587,basic,38,3,0,0
2242,52,10083,basic,54,6,0,1
2243,41,5190,premium,5,6,0,1
2244,23,5607,premium,33,5,0,0
2245,54,11468,basic,19,9,0,1
2246,61,7861,enterprise,40,7,0,1
2247,47,3920,premium,51,2,0,0
2248,27,12861,basic,5,9,0,1
2249,26,7235,premium,10,9,0,1
2250,40,10689,premium,57,0,0,0
2251,44,6436,basic,30,2,0,0
2252,46,9288,basic,19,6,1,1
2253,30,12083,premium,9,8,1,1
2254,44,13507,premium,21,7,0,1
2255,33,4695,basic,1,5,0,0
2256,53,10741,basic,14,3,0,0
2257,59,13890,basic,11,0,0,0
2258,51,10355,enterprise,5,8,0,1
2259,18,3860,premium,58,5,0,0
2260,69,4466,basic,47,4,0,0
2261,19,4636,premium,56,9,0,1
2262,69,3383,premium,15,1,0,0
2263,19,11798,basic,18,2,0,0
2264,44,14546,basic,17,8,0,1
2265,23,8719,basic,33,2,0,0
2266,22,9785,basic,11,9,0,1
2267,53,12058,basic,14,8,0,1
2268,55,7403,premium,58,0,0,0
2269,24,8141,enterprise,21,4,0,0
2270,68,9657,basic,47,7,0,1
2271,34,5960,premium,14,4,0,0
2272,34,2803,enterprise,55,2,0,0
2273,33,9381,basic,41,0,0,0
2274,41,12687,basic,51,0,0,0
2275,27,2951,premium,31,1,0,0
2276,40,4816,premium,54,2,0,0
2277,28,5418,basic,22,3,1,1
2278,20,12459,premium,29,8,0,1
2279,37,8559,premium,4,5,0,0
2280,52,8946,premium,11,1,0,0
2281,57,10388,premium,46,0,0,0
2282,36,5595,basic,20,1,1,1
2283,34,11276,basic,7,3,1,1
2284,58,2392,basic,18,7,0,1
2285,53,3478,enterprise,21,0,1,1
2286,61,12605,enterprise,43,4,0,0
2287,65,10556,premium,6,4,0,0
2288,60,4293,basic,2,1,0,0
2289,66,7703,basic,43,0,0,0
2290,39,2673,basic,9,2,0,0
2291,38,10734,basic,25,1,0,0
2292,34,11826,basic,41,7,0,1
2293,30,5619,premium,31,9,1,1
2294,56,6550,basic,8,6,0,1
2295,55,5078,premium,43,7,0,1
2296,59,7061,enterprise,3,7,1,1
2297,26,5540,premium,14,8,0,1
2298,43,5211,basic,7,0,0,0
2299,29,7592,enterprise,31,9,0,1
2300,64,13169,premium,41,4,0,0
2301,31,11915,basic,39,5,0,0
2302,25,5865,premium,9,7,0,1
2303,47,14257,premium,21,4,0,0
2304,63,4732,basic,9,2,0,0
2305,65,13839,basic,21,0,1,1
2306,22,6020,basic,14,1,1,1
2307,34,9023,basic,44,0,0,0
2308,25,4640,premium,45,3,1,1
2309,34,11906,basic,49,7,1,1
2310,45,6129,basic,12,3,1,1
2311,32,13343,basic,1,5,0,0
2312,21,3078,basic,3,1,0,0
2313,44,8526,basic,50,5,0,0
2314,20,4060,premium,54,9,1,1
2315,29,13556,basic,13,3,0,0
2316,18,7421,basic,52,4,1,1
2317,22,10768,premium,32,9,0,1
2318,40,13433,enterprise,11,6,0,1
2319,62,8963,basic,19,3,0,0
2320,58,2744,basic,16,1,1,1
2321,23,4869,basic,46,9,0,1
2322,19,4764,basic,12,6,0,1
2323,35,13884,basic,11,0,1,1
2324,51,13808,enterprise,43,5,0,0
2325,56,8200,premium,18,9,0,1
2326,60,13570,basic,15,9,0,1
2327,35,5198,enterprise,48,1,0,0
2328,26,10832,basic,55,4,0,0
2329,19,7095,basic,33,9,0,1
2330,25,5126,basic,49,7,0,1
2331,21,5250,basic,50,5,0,0
2332,62,7457,premium,35,3,0,0
2333,31,6415,basic,49,7,0,1
2334,60,4745,premium,1,5,0,0
2335,46,6343,basic,3,5,0,0
2336,46,3671,enterprise,53,9,0,1
2337,41,14605,premium,9,3,1,1
2338,60,6939,basic,43,6,0,1
2339,20,3395,basic,25,0,0,0
2340,22,9485,enterprise,47,7,0,1
2341,40,13480,basic,40,5,0,0
2342,38,6679,basic,5,8,0,1
2343,46,12988,premium,20,3,0,0
2344,56,9940,basic,42,9,0,1
2345,48,11610,basic,55,5,0,0
2346,31,5851,basic,48,2,0,0
2347,35,2480,basic,53,1,0,0
2348,57,6496,basic,57,1,0,0
2349,28,14017,basic,53,3,0,0
2350,44,12278,basic,35,5,0,0
2351,46,12194,basic,20,8,0,1
2352,57,13418,basic,30,9,0,1
2353,55,6852,enterprise,47,6,0,1
2354,42,6186,basic,26,4,0,0
2355,34,14027,basic,50,6,0,1
2356,37,9429,basic,42,3,1,1
2357,39,5873,premium,13,2,0,0
2358,29,5616,basic,55,5,0,0
2359,50,13404,basic,50,8,0,1
2360,28,2693,premium,36,0,1,1
2361,51,2802,basic,12,1,1,1
2362,57,11592,premium,14,1,0,0
2363,68,2017,premium,50,2,0,0
2364,24,4223,premium,2,1,0,0
2365,57,14878,basic,29,1,0,0
2366,22,7534,basic,37,0,0,0
2367,35,11459,basic,14,3,1,1
2368,27,8331,premium,52,7,0,1
2369,26,3177,enterprise,31,1,0,0
2370,27,4398,enterprise,4,3,0,0
2371,20,11894,basic,19,9,0,1
2372,60,3229,premium,24,1,0,0
2373,21,9730,basic,14,9,0,1
2374,38,6524,premium,56,5,0,0
2375,54,6813,basic,22,7,0,1
2376,69,14379,basic,30,3,0,0
2377,62,9877,basic,32,3,1,1
2378,25,9996,enterprise,14,3,0,0
2379,69,6554,basic,34,1,0,0
2380,51,6958,basic,21,3,0,0
2381,27,10915,basic,1,8,1,1
2382,41,2505,basic,25,0,0,0
2383,65,5084,enterprise,35,5,1,1
2384,38,9803,basic,7,6,0,1
2385,27,10105,basic,46,1,0,0
2386,63,3199,premium,39,1,0,0
2387,67,12241,basic,19,5,0,0
2388,68,9053,basic,35,2,0,0
2389,67,5090,basic,18,9,0,1
2390,63,11775,basic,39,1,1,1
2391,41,14881,basic,10,1,0,0
2392,27,7506,basic,37,3,0,0
2393,50,5684,basic,4,3,0,0
2394,29,5892,premium,1,1,0,0
2395,42,9703,premium,16,6,0,1
2396,52,2615,premium,11,3,1,1
2397,67,8284,basic,29,5,0,0
2398,33,2322,basic,10,2,0,0
2399,31,2501,enterprise,15,0,0,0
2400,56,7590,premium,6,0,0,0
2401,18,11691,basic,53,0,0,0
2402,47,13483,basic,44,8,0,1
2403,56,3139,basic,13,2,0,0
2404,46,5172,basic,8,3,0,0
2405,37,7481,basic,51,5,0,0
2406,61,9462,basic,40,0,0,0
2407,37,14831,enterprise,53,6,0,1
2408,54,10895,basic,11,5,0,0
2409,42,8998,basic,22,7,1,1
2410,19,2790,basic,7,1,0,0
2411,45,3050,premium,25,0,0,0
2412,20,3990,premium,10,7,1,1
2413,66,10590,basic,1,3,0,0
2414,49,6306,basic,30,0,0,0
2415,37,5132,premium,58,5,0,0
2416,43,10711,premium,39,4,0,0
2417,50,12599,basic,45,9,0,1
2418,31,7707,premium,48,9,0,1
2419,32,13464,basic,58,5,0,0
2420,39,11544,basic,8,1,0,0
2421,31,11311,basic,15,7,0,1
2422,57,13278,basic,37,2,0,0
2423,23,4389,basic,49,8,0,1
2424,60,11858,basic,46,6,0,1
2425,36,14450,premium,43,3,1,1
2426,47,14899,basic,19,9,1,1
2427,26,9514,enterprise,22,5,0,0
2428,38,11806,basic,5,3,0,0
2429,57,13551,basic,19,1,0,0
2430,32,13078,enterprise,10,6,0,1
2431,24,13671,premium,56,2,0,0
2432,45,12820,premium,6,1,0,0
2433,26,6957,premium,22,1,0,0
2434,34,11493,basic,53,6,0,1
2435,41,7335,basic,57,9,0,1
2436,47,12423,basic,23,2,0,0
2437,51,12533,basic,28,2,0,0
2438,53,14150,basic,31,6,0,1
2439,61,9648,basic,49,1,0,0
2440,21,8177,enterprise,46,0,1,1
2441,36,4152,premium,31,6,0,1
2442,18,10297,premium,22,5,0,0
2443,18,9363,premium,22,0,0,0
2444,29,8694,basic,39,2,0,0
2445,49,10792,basic,50,1,0,0
2446,64,13063,premium,5,6,0,1
2447,58,3932,premium,46,6,0,1
2448,51,7607,basic,29,7,0,1
2449,58,11389,basic,9,0,0,0
2450,26,12656,basic,6,8,0,1
2451,61,12119,basic,20,2,0,0
2452,64,12391,basic,15,9,0,1
2453,22,13115,basic,7,8,1,1
2454,42,14504,premium,18,4,0,0
2455,61,9904,enterprise,50,7,0,1
2456,42,5235,basic,43,6,1,1
2457,61,9326,premium,13,7,0,1
2458,66,11225,premium,40,0,0,0
2459,42,3309,basic,27,0,0,0
2460,21,11839,premium,45,9,0,1
2461,35,9074,basic,15,7,0,1
2462,29,14171,basic,4,6,0,1
2463,42,4753,basic,19,3,1,1
2464,48,13789,enterprise,59,4,0,0
2465,42,7824,enterprise,33,3,0,0
2466,28,9455,basic,4,4,0,0
2467,33,10580,basic,58,6,0,1
2468,53,9528,basic,49,7,0,1
2469,19,13749,premium,33,3,0,0
2470,29,4174,basic,44,8,0,1
2471,64,11488,basic,11,0,1,1
2472,23,14674,premium,35,8,0,1
2473,39,4861,basic,54,6,0,1
2474,28,5315,basic,26,5,0,0
2475,23,8175,basic,3,3,0,0
2476,39,11421,basic,45,3,0,0
2477,45,14466,basic,44,3,0,0
2478,27,12345,basic,44,9,0,1
2479,22,12322,basic,39,0,0,0
2480,25,7735,enterprise,9,6,0,1
2481,51,10390,basic,7,9,0,1
2482,62,4745,enterprise,47,5,0,0
2483,27,8020,basic,51,6,0,1
2484,34,4456,premium,5,5,0,0
2485,35,2352,basic,35,5,1,1
2486,36,13134,premium,30,6,0,1
2487,30,12461,basic,21,9,0,1
2488,20,8639,basic,39,7,0,1
2489,45,2188,basic,54,8,0,1
2490,36,3171,basic,49,5,0,0
2491,35,3453,enterprise,10,7,0,1
2492,31,11321,enterprise,28,8,0,1
2493,66,4645,premium,56,2,0,0
2494,49,5252,basic,14,8,0,1
2495,39,13194,premium,51,6,0,1
2496,28,13393,premium,29,4,0,0
2497,59,11919,basic,31,7,1,1
2498,64,6024,basic,15,1,0,0
2499,19,9539,premium,55,6,0,1
2500,66,4603,basic,32,5,0,0
2501,54,13152,basic,34,8,0,1
2502,23,3103,premium,28,6,1,1
2503,57,11677,basic,6,5,0,0
2504,23,8649,basic,47,5,0,0
2505,20,11847,basic,20,5,0,0
2506,23,7859,premium,15,8,0,1
2507,41,4055,enterprise,47,7,0,1
2508,50,11767,premium,12,0,0,0
2509,39,10204,premium,41,5,0,0
2510,24,8039,basic,28,2,0,0
2511,28,6845,premium,48,1,0,0
2512,62,6469,basic,3,8,0,1
2513,68,8254,basic,46,8,0,1
2514,57,5401,premium,14,9,0,1
2515,23,5670,premium,52,3,0,0
2516,60,5615,basic,21,4,0,0
2517,53,2164,premium,1,7,0,1
2518,45,14062,premium,29,1,0,0
2519,25,5075,basic,4,0,0,0
2520,69,4146,basic,16,4,0,0
2521,41,3965,basic,43,6,0,1
2522,20,14846,basic,34,4,0,0
2523,28,8197,basic,42,2,0,0
2524,38,6249,basic,52,5,0,0
2525,21,7250,basic,28,9,1,1
2526,34,3149,basic,33,2,0,0
2527,42,6077,premium,4,4,1,1
2528,67,5232,premium,17,3,1,1
2529,22,12441,basic,43,2,0,0
2530,47,2759,basic,4,6,0,1
2531,65,7530,basic,22,3,0,0
2532,59,12270,basic,9,6,0,1
2533,66,12836,basic,51,0,0,0
2534,26,8663,basic,34,6,0,1
2535,59,4892,basic,39,1,0,0
2536,68,6380,enterprise,41,3,0,0
2537,34,4889,basic,14,8,0,1
2538,43,10606,premium,3,3,0,0
2539,45,5804,basic,24,6,0,1
2540,43,10198,basic,11,3,0,0
2541,33,10524,enterprise,19,9,1,1
2542,68,14218,basic,19,9,0,1
2543,67,6814,premium,47,9,0,1
2544,37,14496,enterprise,19,3,0,0
2545,59,7209,basic,9,3,0,0
2546,38,10848,basic,57,6,0,1
2547,59,10601,basic,3,8,0,1
2548,48,12631,basic,13,5,0,0
2549,42,8098,basic,21,7,0,1
2550,24,12301,basic,4,8,0,1
2551,52,6619,premium,54,7,0,1
2552,34,8386,premium,21,3,0,0
2553,29,8495,basic,47,2,0,0
2554,28,11157,basic,8,4,0,0
2555,69,10038,premium,31,5,0,0
2556,23,3017,enterprise,8,8,0,1
2557,59,12517,basic,14,3,1,1
2558,63,11854,basic,25,1,1,1
2559,19,3359,premium,51,3,0,0
2560,48,14503,premium,19,5,0,0
2561,48,10589,enterprise,45,2,0,0
2562,36,3104,basic,6,3,0,0
2563,52,8388,basic,15,2,1,1
2564,39,12869,basic,36,9,0,1
2565,40,5637,basic,28,5,0,0
2566,40,14128,premium,30,7,0,1
2567,59,7439,basic,41,5,0,0
2568,50,4940,premium,5,0,0,0
2569,37,6633,enterprise,42,2,0,0
2570,66,8822,enterprise,51,8,0,1
2571,59,10945,premium,46,5,0,0
2572,66,14062,enterprise,17,7,0,1
2573,55,4533,basic,21,7,0,1
2574,38,14482,basic,57,5,0,0
2575,58,8860,basic,47,5,0,0
2576,35,3662,enterprise,55,2,0,0
2577,32,14044,enterprise,54,2,0,0
2578,41,6537,basic,26,1,0,0
2579,68,10067,basic,8,2,0,0
2580,47,11075,basic,14,6,0,1
2581,37,2174,basic,18,9,0,1
2582,42,4880,premium,50,4,1,1
2583,33,10923,basic,17,6,0,1
2584,52,6222,premium,22,8,0,1
2585,36,2121,basic,51,6,0,1
2586,46,2302,basic,10,2,1,1
2587,37,12743,basic,40,2,1,1
2588,34,3995,enterprise,33,6,0,1
2589,68,3305,premium,59,2,0,0
2590,35,9310,basic,29,2,0,0
2591,21,3546,basic,31,5,0,0
2592,37,10490,enterprise,51,6,0,1
2593,45,9073,premium,59,2,0,0
2594,22,10435,premium,44,0,0,0
2595,33,8390,premium,42,7,1,1
2596,26,12118,premium,52,3,0,0
2597,44,10381,basic,58,6,0,1
2598,55,7398,premium,44,1,1,1
2599,68,2199,basic,18,3,0,0
2600,38,5555,basic,38,6,0,1
2601,62,3708,enterprise,14,1,0,0
2602,29,2202,enterprise,30,3,0,0
2603,58,5551,basic,27,7,0,1
2604,47,4686,basic,59,7,0,1
2605,57,2997,premium,33,3,0,0
2606,57,6061,enterprise,57,1,0,0
2607,45,8585,premium,48,0,0,0
2608,31,4316,basic,51,5,0,0
2609,45,5550,basic,10,6,0,1
2610,60,2261,premium,46,5,0,0
2611,68,2655,premium,15,4,0,0
2612,66,4046,premium,35,0,0,0
2613,27,7888,premium,29,2,0,0
2614,49,10659,basic,16,0,0,0
2615,23,12248,basic,59,4,0,0
2616,52,10184,premium,52,3,0,0
2617,69,10019,basic,34,0,1,1
2618,20,14163,premium,1,6,0,1
2619,52,5323,premium,11,3,1,1
2620,67,12376,premium,14,9,0,1
2621,62,14179,basic,58,4,0,0
2622,38,9380,premium,24,0,0,0
2623,23,12927,basic,3,7,0,1
2624,66,3788,basic,35,7,0,1
2625,65,13424,basic,57,9,1,1
2626,48,9332,basic,34,6,0,1
2627,68,4879,enterprise,27,3,0,0
2628,18,2800,enterprise,11,6,1,1
2629,50,11359,basic,52,7,1,1
2630,20,7601,premium,7,5,0,0
2631,66,6030,basic,56,7,0,1
2632,53,7073,premium,14,9,0,1
2633,65,14883,premium,9,7,0,1
2634,47,7561,basic,21,5,1,1
2635,22,3024,basic,1,4,1,1
2636,19,5637,basic,1,8,0,1
2637,35,3889,basic,12,8,0,1
2638,56,10915,enterprise,41,2,0,0
2639,25,12405,basic,49,0,1,1
2640,62,12932,basic,15,8,1,1
2641,30,10227,basic,39,2,0,0
2642,43,11990,enterprise,21,9,1,1
2643,28,7424,basic,26,0,0,0
2644,42,10160,premium,20,9,1,1
2645,41,3390,premium,53,6,0,1
2646,18,8998,basic,31,3,0,0
2647,47,9247,basic,30,0,0,0
2648,58,2404,basic,51,8,0,1
2649,66,9128,basic,39,1,0,0
2650,35,11398,premium,9,0,0,0
2651,63,6778,premium,12,7,0,1
2652,63,9084,basic,21,6,0,1
2653,69,5718,basic,6,1,0,0
2654,37,5519,basic,41,3,0,0
2655,62,3683,basic,30,6,0,1
2656,47,6261,premium,3,6,0,1
2657,21,12441,premium,24,3,0,0
2658,32,14162,premium,49,4,0,0
2659,52,10263,basic,54,0,0,0
2660,26,10116,basic,57,0,0,0
2661,40,9979,basic,55,9,0,1
2662,58,8186,enterprise,36,2,0,0
2663,25,7499,premium,55,9,0,1
2664,43,10071,enterprise,57,0,0,0
2665,29,12197,basic,38,9,0,1
2666,45,7378,basic,25,4,0,0
2667,30,9356,premium,57,8,0,1
2668,68,8112,basic,25,8,0,1
2669,21,5711,premium,10,3,0,0
2670,68,5774,basic,7,7,0,1
2671,59,3024,enterprise,34,3,0,0
2672,62,7718,basic,3,7,0,1
2673,62,11261,enterprise,7,9,0,1
2674,27,10912,basic,15,8,0,1
2675,66,14813,basic,32,7,0,1
2676,48,2519,basic,29,3,0,0
2677,68,11888,basic,31,1,0,0
2678,63,12335,enterprise,30,5,0,0
2679,48,7673,enterprise,59,1,0,0
2680,37,5678,enterprise,13,5,0,0
2681,24,6642,enterprise,28,8,1,1
2682,23,10873,premium,37,1,0,0
2683,38,13208,basic,17,9,0,1
2684,60,10355,premium,11,5,1,1
2685,44,8684,basic,3,0,0,0
2686,43,10484,premium,20,7,0,1
2687,30,2917,basic,15,0,0,0
2688,47,9905,premium,12,6,0,1
2689,51,2547,basic,17,5,0,0
2690,69,14468,basic,42,7,0,1
2691,55,13559,basic,49,3,0,0
2692,49,8608,basic,31,1,0,0
2693,65,6863,basic,4,3,1,1
2694,40,11520,basic,44,7,0,1
2695,66,10288,basic,9,9,0,1
2696,37,11170,basic,4,2,1,1
2697,24,8702,basic,34,3,0,0
2698,39,5071,premium,26,8,0,1
2699,24,2952,basic,19,3,0,0
2700,24,5682,basic,58,2,0,0
2701,63,8876,basic,6,8,0,1
2702,59,7512,basic,4,4,1,1
2703,29,8582,basic,35,5,0,0
2704,61,5610,premium,25,4,0,0
2705,21,14192,basic,48,6,0,1
2706,32,6767,basic,3,2,0,0
2707,54,13000,basic,25,7,0,1
2708,33,7082,basic,9,3,0,0
2709,55,7766,basic,3,5,0,0
2710,63,9850,premium,28,1,0,0
2711,21,5420,basic,44,0,1,1
2712,19,4858,premium,10,5,0,0
2713,66,6929,basic,50,1,1,1
2714,45,12455,basic,31,9,0,1
2715,44,3879,basic,29,9,0,1
2716,42,7687,basic,55,3,0,0
2717,40,10737,basic,20,2,0,0
2718,53,11181,premium,12,5,0,0
2719,48,7647,premium,47,2,0,0
2720,26,3058,basic,7,8,0,1
2721,50,2206,basic,52,1,0,0
2722,52,8109,premium,49,4,0,0
2723,23,12530,basic,58,1,0,0
2724,37,2366,basic,28,8,0,1
2725,59,13537,premium,37,1,0,0
2726,50,10786,basic,53,4,0,0
2727,25,2104,basic,8,8,0,1
2728,20,6468,basic,19,4,1,1
2729,48,4866,premium,28,1,1,1
2730,42,14340,basic,38,1,0,0
2731,67,9212,premium,41,6,0,1
2732,45,6213,basic,55,1,0,0
2733,66,5614,basic,29,3,0,0
2734,29,9329,basic,11,6,0,1
2735,41,2066,premium,12,3,1,1
2736,25,5346,basic,48,8,1,1
2737,47,4150,premium,28,6,0,1
2738,27,10061,basic,38,1,0,0
2739,43,10699,basic,34,8,0,1
2740,35,8071,basic,48,9,0,1
2741,27,3820,basic,13,2,0,0
2742,23,6818,basic,11,3,0,0
2743,44,12957,premium,44,3,0,0
2744,67,4647,enterprise,26,4,1,1
2745,28,4123,premium,49,4,0,0
2746,39,3449,basic,8,8,0,1
2747,29,12617,basic,17,6,1,1
2748,60,3558,premium,57,8,0,1
2749,39,9561,basic,50,3,0,0
2750,68,14987,premium,4,5,0,0
2751,30,10343,premium,49,1,0,0
2752,22,7360,basic,4,2,0,0
2753,48,4688,enterprise,8,5,1,1
2754,51,2025,premium,53,1,0,0
2755,69,4022,basic,8,9,0,1
2756,63,14388,enterprise,18,2,0,0
2757,63,3866,basic,8,1,0,0
2758,50,2259,basic,36,7,1,1
2759,36,12608,basic,4,0,0,0
2760,40,7441,basic,17,3,0,0
2761,24,6640,basic,20,1,0,0
2762,40,11327,enterprise,39,6,0,1
2763,36,8799,basic,30,8,1,1
2764,19,13889,basic,12,1,0,0
2765,28,8078,premium,28,4,0,0
2766,45,11267,basic,28,4,0,0
2767,37,13425,premium,21,6,0,1
2768,69,8027,basic,32,3,0,0
2769,42,5695,enterprise,20,5,0,0
2770,67,14667,premium,20,5,0,0
2771,52,4948,basic,47,0,1,1
2772,20,2511,basic,15,5,0,0
2773,28,9515,basic,20,5,0,0
2774,54,14829,enterprise,9,9,0,1
2775,46,3123,premium,42,5,0,0
2776,33,13042,basic,42,8,0,1
2777,45,12795,basic,41,3,0,0
2778,64,14076,premium,10,6,0,1
2779,38,7480,basic,27,9,0,1
2780,20,5312,premium,18,1,0,0
2781,34,8657,premium,46,5,0,0
2782,66,3851,basic,20,9,1,1
2783,57,12957,basic,25,5,0,0
2784,61,10623,basic,27,8,1,1
2785,65,8283,basic,45,4,0,0
2786,24,8706,enterprise,42,8,0,1
2787,32,11257,premium,49,6,0,1
2788,21,8801,premium,26,4,0,0
2789,18,12917,basic,49,2,0,0
2790,61,14020,basic,52,1,0,0
2791,66,14347,premium,31,2,1,1
2792,26,10061,basic,41,7,0,1
2793,55,11653,basic,54,4,0,0
2794,45,6043,basic,50,3,0,0
2795,21,2495,premium,17,4,0,0
2796,65,7200,premium,43,3,0,0
2797,63,13332,basic,27,8,1,1
2798,47,3735,premium,9,3,0,0
2799,54,9094,basic,22,4,0,0
2800,38,4500,basic,58,5,0,0
2801,59,7580,basic,57,6,0,1
2802,41,3863,premium,47,3,0,0
2803,69,11551,basic,59,0,0,0
2804,21,12533,basic,34,6,0,1
2805,26,11858,basic,45,5,0,0
2806,68,11163,premium,10,6,1,1
2807,33,5056,premium,18,5,0,0
2808,34,8894,basic,11,5,0,0
2809,59,3362,enterprise,56,9,0,1
2810,27,6866,basic,37,0,0,0
2811,44,8575,basic,56,0,1,1
2812,32,10690,basic,25,9,1,1
2813,28,3258,premium,24,8,0,1
2814,68,12567,basic,40,4,0,0
2815,28,7965,basic,34,5,0,0
2816,22,13456,basic,22,4,0,0
2817,53,8857,basic,19,9,0,1
2818,63,9111,premium,31,4,0,0
2819,24,11003,enterprise,5,7,0,1
2820,54,12658,basic,12,3,0,0
2821,46,4049,premium,3,3,0,0
2822,61,8646,basic,10,6,0,1
2823,24,2389,basic,12,3,0,0
2824,68,8168,basic,5,0,0,0
2825,50,12575,enterprise,4,1,0,0
2826,61,13250,basic,49,8,1,1
2827,36,5685,premium,11,3,0,0
2828,67,7022,basic,33,1,0,0
2829,50,9170,premium,6,9,0,1
2830,24,7146,basic,56,9,0,1
2831,65,4315,enterprise,15,4,0,0
2832,59,5963,premium,45,6,0,1
2833,33,7252,basic,38,7,0,1
2834,46,8743,premium,46,0,0,0
2835,38,13969,premium,38,2,0,0
2836,46,9083,basic,31,5,0,0
2837,68,7032,basic,46,5,0,0
2838,64,10585,premium,49,3,0,0
2839,29,12049,premium,23,0,0,0
2840,68,7596,basic,56,9,0,1
2841,40,8360,premium,59,6,0,1
2842,54,4831,basic,43,7,0,1
2843,57,13242,basic,55,4,0,0
2844,43,13268,basic,7,5,0,0
2845,41,4273,basic,32,4,0,0
2846,41,6498,basic,39,4,0,0
2847,62,5535,basic,55,6,1,1
2848,38,13998,basic,8,9,0,1
2849,32,2847,basic,48,7,0,1
2850,36,4695,premium,5,6,0,1
2851,28,6093,basic,22,0,0,0
2852,38,9280,premium,41,5,0,0
2853,23,5236,basic,18,9,0,1
2854,22,8975,basic,50,3,0,0
2855,55,11713,basic,55,5,0,0
2856,22,12772,premium,10,3,0,0
2857,47,3287,basic,16,1,0,0
2858,58,3805,basic,5,7,0,1
2859,55,3237,premium,42,3,0,0
2860,41,13829,premium,53,5,0,0
2861,28,10477,premium,36,5,1,1
2862,66,8908,basic,8,8,0,1
2863,61,12281,basic,11,9,0,1
2864,49,9619,basic,3,5,0,0
2865,22,5060,premium,29,0,1,1
2866,19,8632,basic,43,5,0,0
2867,34,11141,basic,9,8,0,1
2868,26,2468,basic,51,4,0,0
2869,62,9882,basic,15,5,0,0
2870,28,8462,premium,31,7,0,1
2871,32,2903,basic,40,4,1,1
2872,68,5426,basic,32,4,1,1
2873,60,7830,basic,29,4,0,0
2874,29,6454,basic,20,8,0,1
2875,37,5770,basic,26,4,0,0
2876,44,10438,basic,15,3,0,0
2877,52,7256,premium,18,5,0,0
2878,66,8470,premium,45,6,1,1
2879,63,12378,enterprise,53,9,0,1
2880,68,3211,enterprise,51,8,0,1
2881,20,6678,basic,20,7,0,1
2882,30,2949,basic,19,7,0,1
2883,47,14055,basic,4,4,0,0
2884,20,4413,premium,17,3,0,0
2885,36,12658,basic,35,5,0,0
2886,25,4481,basic,16,7,0,1
2887,66,6212,basic,44,5,0,0
2888,21,9907,basic,3,2,0,0
2889,25,12807,premium,25,0,0,0
2890,28,4311,premium,17,0,0,0
2891,25,4770,basic,30,4,0,0
2892,47,13462,enterprise,2,7,0,1
2893,36,6185,basic,25,7,1,1
2894,65,4726,basic,47,8,0,1
2895,31,11665,basic,51,7,0,1
2896,45,3184,premium,16,0,1,1
2897,52,13270,basic,26,8,1,1
2898,50,13384,basic,41,9,0,1
2899,59,13134,enterprise,28,8,0,1
2900,28,5839,basic,33,4,0,0
2901,44,3484,basic,21,2,0,0
2902,59,7530,premium,50,9,0,1
2903,62,6349,enterprise,38,1,1,1
2904,50,14467,premium,57,7,0,1
2905,51,10212,enterprise,47,9,0,1
2906,62,14276,basic,22,9,0,1
2907,50,11761,premium,20,5,0,0
2908,67,11293,premium,6,8,0,1
2909,24,3453,basic,37,8,0,1
2910,36,2896,basic,45,9,1,1
2911,23,2604,enterprise,21,3,0,0
2912,22,9713,basic,2,6,0,1
2913,42,4622,basic,49,8,0,1
2914,29,14858,premium,14,2,1,1
2915,39,3724,enterprise,35,2,0,0
2916,40,14309,enterprise,4,3,0,0
2917,50,10679,premium,4,3,0,0
2918,67,3378,basic,53,7,0,1
2919,62,2759,enterprise,40,9,0,1
2920,37,7147,basic,1,1,0,0
2921,34,6406,premium,6,3,0,0
2922,58,6101,basic,30,9,1,1
2923,24,8871,premium,41,5,1,1
2924,46,3686,basic,26,2,0,0
2925,39,3682,premium,52,6,1,1
2926,27,11032,basic,39,8,0,1
2927,50,14874,basic,37,3,0,0
2928,34,5560,basic,18,4,1,1
2929,27,14115,basic,41,6,0,1
2930,51,6483,premium,52,8,0,1
2931,27,6366,basic,3,5,0,0
2932,52,3174,basic,44,9,0,1
2933,26,7503,basic,52,7,0,1
2934,40,8473,basic,26,4,1,1
2935,60,10629,premium,46,4,0,0
2936,29,4056,basic,22,6,0,1
2937,57,4453,basic,12,0,0,0
2938,55,7617,basic,49,2,0,0
2939,64,2905,basic,19,2,0,0
2940,26,3863,premium,45,8,0,1
2941,55,10177,basic,19,8,0,1
2942,66,14400,basic,24,8,0,1
2943,57,9448,premium,41,1,0,0
2944,27,3884,basic,21,2,0,0
2945,60,14882,basic,48,3,0,0
2946,23,8784,basic,3,0,0,0
2947,48,11318,enterprise,1,2,0,0
2948,43,4560,basic,5,4,0,0
2949,45,9519,basic,16,8,0,1
2950,45,2992,enterprise,4,1,1,1
2951,19,10134,premium,23,8,1,1
2952,44,4630,premium,2,8,0,1
2953,66,13823,premium,45,1,0,0
2954,40,2712,basic,10,2,0,0
2955,32,10484,premium,58,4,1,1
2956,69,3812,premium,51,9,0,1
2957,23,10932,basic,41,7,0,1
2958,43,8415,basic,48,9,1,1
2959,44,14577,basic,46,3,0,0
2960,42,10473,enterprise,50,9,0,1
2961,65,6835,basic,33,9,0,1
2962,39,3135,basic,37,5,1,1
2963,68,9744,premium,28,1,0,0
2964,21,7733,premium,37,2,1,1
2965,56,2682,basic,23,1,0,0
2966,48,9556,premium,8,8,0,1
2967,30,4729,basic,55,3,1,1
2968,29,5044,premium,42,7,0,1
2969,55,2116,basic,42,2,0,0
2970,51,6837,basic,17,9,0,1
2971,49,4837,premium,46,7,0,1
2972,20,2933,basic,31,3,0,0
2973,49,7645,basic,5,4,0,0
2974,69,4861,basic,57,0,1,1
2975,18,3744,premium,59,1,1,1
2976,42,8067,premium,52,9,1,1
2977,43,2822,premium,29,8,0,1
2978,64,14875,enterprise,14,8,1,1
2979,32,8122,enterprise,1,6,1,1
2980,42,14951,basic,44,2,0,0
2981,55,13457,basic,53,1,1,1
2982,21,14735,premium,7,7,0,1
2983,59,9055,enterprise,41,3,1,1
2984,60,7500,enterprise,2,0,0,0
2985,55,11358,premium,46,0,0,0
2986,51,3048,basic,2,5,0,0
2987,56,12922,enterprise,58,8,0,1
2988,58,6206,enterprise,11,3,0,0
2989,64,2096,premium,24,9,0,1
2990,40,5090,premium,42,3,1,1
2991,41,5150,basic,50,7,0,1
2992,51,2183,enterprise,22,2,0,0
2993,28,10691,basic,58,6,0,1
2994,62,3238,premium,1,2,0,0
2995,58,13007,basic,28,7,0,1
2996,50,7891,basic,59,4,0,0
2997,33,11337,basic,17,0,0,0
2998,36,6415,basic,32,2,0,0
2999,40,3715,basic,27,3,1,1
3000,52,4344,enterprise,24,4,0,0
3001,58,10396,basic,46,2,0,0
3002,52,11309,premium,31,5,0,0
3003,66,5477,basic,43,9,1,1
3004,67,6642,basic,31,7,0,1
3005,54,14285,premium,59,3,1,1
3006,37,13074,premium,28,6,0,1
3007,49,7369,basic,47,9,1,1
3008,40,5132,premium,37,2,0,0
3009,50,5917,premium,48,2,0,0
3010,60,8999,basic,53,0,0,0
3011,37,9368,enterprise,14,8,0,1
3012,44,4393,premium,18,8,1,1
3013,20,2855,premium,18,4,0,0
3014,56,8438,basic,29,8,0,1
3015,43,12366,basic,30,6,0,1
3016,41,3982,basic,1,9,0,1
3017,45,7308,premium,53,9,1,1
3018,29,4100,premium,51,9,0,1
3019,49,5147,basic,36,3,0,0
3020,56,9958,premium,19,6,0,1
3021,36,5720,basic,49,1,1,1
3022,24,5429,basic,17,8,0,1
3023,38,14943,enterprise,19,3,0,0
3024,28,4240,basic,59,4,0,0
3025,37,4460,basic,55,5,0,0
3026,50,14086,basic,35,7,1,1
3027,23,9152,basic,10,7,0,1
3028,56,2559,premium,8,9,0,1
3029,29,7524,enterprise,57,7,0,1
3030,64,9346,basic,16,7,0,1
3031,56,5291,basic,41,5,0,0
3032,32,9127,basic,21,4,1,1
3033,47,10430,basic,30,9,0,1
3034,23,5257,basic,59,3,1,1
3035,23,12561,basic,35,6,0,1
3036,67,7886,premium,26,2,0,0
3037,59,14524,basic,25,4,0,0
3038,26,3140,basic,14,3,0,0
3039,32,6215,basic,33,2,1,1
3040,28,11376,premium,34,8,0,1
3041,38,13633,basic,6,7,0,1
3042,33,4882,basic,24,7,1,1
3043,35,14743,premium,39,0,0,0
3044,45,4514,basic,4,2,0,0
3045,27,7409,enterprise,58,2,1,1
3046,63,6093,basic,51,7,0,1
3047,55,7516,premium,38,8,0,1
3048,57,13730,enterprise,1,3,0,0
3049,26,11523,basic,31,3,0,0
3050,54,12354,premium,54,5,0,0
3051,61,5301,basic,2,9,1,1
3052,27,14309,premium,47,3,0,0
3053,57,7661,enterprise,50,2,1,1
3054,36,10475,premium,5,5,0,0
3055,58,11070,enterprise,14,9,0,1
3056,42,10617,basic,43,7,0,1
3057,59,9823,basic,54,5,0,0
3058,25,8240,basic,46,7,0,1
3059,38,10419,premium,32,0,1,1
3060,32,13767,premium,36,7,0,1
3061,30,7067,premium,31,0,0,0
3062,34,8641,basic,35,3,0,0
3063,37,4340,basic,46,3,1,1
3064,24,6615,premium,3,6,0,1
3065,54,12036,enterprise,13,2,0,0
3066,46,10324,basic,4,2,0,0
3067,61,4744,basic,47,8,0,1
3068,54,9099,basic,43,4,0,0
3069,25,12555,basic,4,7,1,1
3070,21,3612,enterprise,7,5,0,0
3071,39,2805,basic,16,6,0,1
3072,43,7105,basic,15,6,1,1
3073,30,10535,basic,31,6,0,1
3074,58,6073,basic,30,9,0,1
3075,48,12673,enterprise,22,7,0,1
3076,56,13008,basic,10,3,0,0
3077,23,8922,basic,39,1,0,0
3078,60,6924,basic,47,8,0,1
3079,28,2542,enterprise,38,3,0,0
3080,41,12680,enterprise,48,3,1,1
3081,40,13638,basic,54,1,1,1
3082,60,7751,premium,50,5,0,0
3083,32,8714,basic,39,5,1,1
3084,30,11795,basic,3,8,0,1
3085,35,11039,basic,20,7,1,1
3086,36,3758,premium,26,7,0,1
3087,27,10740,enterprise,43,5,0,0
3088,27,14020,basic,50,8,1,1
3089,30,11758,basic,38,9,0,1
3090,42,8247,basic,22,8,0,1
3091,35,8801,basic,47,3,0,0
3092,38,5377,basic,42,2,0,0
3093,55,10589,basic,48,0,0,0
3094,30,5139,enterprise,35,9,0,1
3095,65,6444,basic,39,7,0,1
3096,57,5446,premium,21,9,0,1
3097,27,6359,basic,24,7,0,1
3098,34,6767,basic,17,4,0,0
3099,27,3078,basic,16,1,0,0
3100,32,11327,enterprise,39,0,0,0
3101,37,7732,basic,23,7,0,1
3102,24,14344,basic,8,3,0,0
3103,18,4351,premium,3,3,0,0
3104,40,10697,premium,51,8,0,1
3105,54,4329,premium,26,4,0,0
3106,33,9113,basic,35,9,0,1
3107,62,8381,basic,54,5,0,0
3108,37,7831,premium,7,8,0,1
3109,64,10511,premium,56,1,0,0
3110,30,12766,premium,42,3,0,0
3111,46,6117,basic,38,1,0,0
3112,57,13045,basic,26,0,1,1
3113,21,4403,enterprise,42,9,0,1
3114,66,5809,premium,13,5,0,0
3115,36,6038,basic,18,3,0,0
3116,43,14394,enterprise,57,3,0,0
3117,50,3541,basic,17,2,0,0
3118,51,7136,basic,43,1,0,0
3119,19,7517,basic,55,9,0,1
3120,63,12401,premium,35,1,0,0
3121,50,8316,basic,18,3,0,0
3122,69,14568,basic,51,1,0,0
3123,42,11624,premium,49,9,0,1
3124,49,11147,basic,33,2,0,0
3125,40,11787,enterprise,7,3,0,0
3126,64,4100,basic,27,7,0,1
3127,61,7837,basic,26,5,0,0
3128,65,9619,premium,12,3,0,0
3129,44,4710,premium,24,5,1,1
3130,59,3544,basic,10,4,0,0
3131,36,3764,premium,41,2,0,0
3132,41,12258,enterprise,26,5,0,0
3133,57,10539,premium,44,3,0,0
3134,22,5657,premium,27,9,0,1
3135,54,11583,basic,43,4,1,1
3136,18,11037,basic,44,7,0,1
3137,48,12614,basic,10,2,0,0
3138,42,13831,basic,27,6,1,1
3139,42,13469,premium,45,5,0,0
3140,43,4353,basic,35,7,0,1
3141,43,12000,basic,14,4,0,0
3142,39,7107,basic,50,7,0,1
3143,41,7240,basic,12,0,1,1
3144,47,10412,basic,59,6,0,1
3145,57,9828,premium,42,7,0,1
3146,46,7455,basic,20,4,0,0
3147,51,14993,basic,12,0,0,0
3148,61,4272,basic,54,5,0,0
3149,69,3259,premium,31,7,0,1
3150,23,2377,basic,48,4,1,1
3151,55,12585,basic,50,0,0,0
3152,29,7285,basic,5,3,0,0
3153,28,7685,basic,41,9,0,1
3154,59,10439,premium,20,2,0,0
3155,21,7660,premium,54,5,0,0
3156,62,9461,enterprise,13,3,0,0
3157,58,2759,premium,2,7,0,1
3158,69,4031,basic,40,4,0,0
3159,52,14116,basic,33,3,1,1
3160,63,7859,basic,33,5,0,0
3161,24,4176,basic,16,5,0,0
3162,64,6803,basic,30,4,0,0
3163,26,6352,basic,57,2,1,1
3164,34,5564,basic,46,1,0,0
3165,24,5816,basic,59,6,0,1
3166,38,11480,premium,20,3,0,0
3167,56,3387,premium,52,6,1,1
3168,31,6025,enterprise,23,3,0,0
3169,60,8083,basic,56,8,0,1
3170,49,9021,basic,52,7,0,1
3171,50,13446,enterprise,10,4,0,0
3172,66,14001,premium,58,3,0,0
3173,40,5866,basic,36,7,1,1
3174,35,9010,basic,46,0,1,1
3175,69,2290,basic,35,0,0,0
3176,46,10021,premium,13,0,0,0
3177,49,3987,premium,59,3,0,0
3178,33,2952,basic,7,4,0,0
3179,29,10732,basic,48,2,0,0
3180,26,4315,basic,13,1,0,0
3181,29,8205,basic,47,3,0,0
3182,28,3312,premium,25,4,0,0
3183,56,11693,basic,14,2,0,0
3184,21,11942,basic,14,5,0,0
3185,50,9472,basic,19,3,0,0
3186,67,12866,enterprise,54,9,0,1
3187,57,7678,basic,46,9,0,1
3188,38,4423,basic,40,6,0,1
3189,21,3967,premium,38,5,0,0
3190,61,4850,premium,25,0,0,0
3191,18,4603,premium,54,6,1,1
3192,53,6201,premium,17,3,0,0
3193,52,4786,basic,56,2,0,0
3194,27,9684,enterprise,23,7,0,1
3195,56,3928,enterprise,21,0,0,0
3196,27,10083,basic,29,2,0,0
3197,29,6343,premium,45,7,0,1
3198,60,10927,basic,43,9,0,1
3199,68,8668,basic,46,5,0,0
3200,31,13767,basic,6,5,0,0
3201,65,7718,basic,10,9,0,1
3202,65,5835,enterprise,51,0,0,0
3203,58,9658,basic,58,4,0,0
3204,25,10563,basic,8,2,0,0
3205,33,7710,basic,54,4,0,0
3206,53,9276,basic,16,9,0,1
3207,69,8121,basic,58,5,0,0
3208,60,5975,basic,59,9,1,1
3209,39,6076,premium,38,5,0,0
3210,30,13796,enterprise,12,8,0,1
3211,67,10779,basic,47,1,0,0
3212,32,3241,enterprise,6,3,0,0
3213,35,14507,premium,20,2,0,0
3214,68,11256,premium,38,7,0,1
3215,47,2652,basic,4,5,1,1
3216,31,11462,basic,24,2,1,1
3217,18,9665,premium,48,1,0,0
3218,40,13899,basic,6,3,0,0
3219,69,8361,basic,22,1,0,0
3220,40,8741,premium,1,6,0,1
3221,54,6091,basic,39,8,0,1
3222,31,6181,premium,5,9,0,1
3223,58,10032,basic,17,2,0,0
3224,58,12760,enterprise,31,4,1,1
3225,49,13578,basic,13,5,0,0
3226,58,12020,basic,14,4,0,0
3227,48,9927,premium,50,4,0,0
3228,37,8504,basic,46,2,0,0
3229,56,6414,enterprise,5,1,0,0
3230,61,11982,premium,51,4,0,0
3231,61,6135,basic,28,0,0,0
3232,29,5482,basic,9,0,0,0
3233,53,13282,enterprise,54,5,0,0
3234,18,9663,premium,20,8,0,1
3235,47,6604,premium,20,5,0,0
3236,47,13247,basic,9,0,0,0
3237,36,14514,enterprise,53,8,0,1
3238,69,6133,basic,17,6,0,1
3239,63,8778,premium,35,3,0,0
3240,20,8286,basic,15,2,0,0
3241,28,11121,basic,53,8,0,1
3242,28,14363,enterprise,47,4,0,0
3243,64,9130,enterprise,30,1,0,0
3244,44,12376,basic,21,2,0,0
3245,55,9742,enterprise,39,2,0,0
3246,60,13531,basic,30,4,0,0
3247,57,7259,basic,56,3,0,0
3248,22,7008,basic,40,5,0,0
3249,25,7491,basic,2,3,1,1
3250,38,14954,basic,49,6,0,1
3251,35,9948,basic,12,4,0,0
3252,56,3983,basic,18,9,0,1
3253,26,2531,premium,26,8,0,1
3254,37,8744,premium,13,3,0,0
3255,30,12474,premium,56,0,1,1
3256,27,8230,basic,58,5,0,0
3257,26,9282,premium,10,3,0,0
3258,28,12379,basic,19,9,0,1
3259,47,8712,premium,22,4,0,0
3260,39,13812,basic,40,2,0,0
3261,40,10293,basic,36,3,0,0
3262,42,11504,basic,40,8,0,1
3263,56,12159,premium,2,1,0,0
3264,62,10148,enterprise,31,9,0,1
3265,45,2650,premium,13,2,0,0
3266,51,7556,enterprise,14,8,0,1
3267,56,3839,enterprise,46,5,0,0
3268,53,8634,basic,9,5,0,0
3269,24,3861,premium,2,2,0,0
3270,69,8620,basic,29,7,0,1
3271,26,6469,basic,44,6,0,1
3272,39,2264,basic,31,4,1,1
3273,51,3623,enterprise,10,4,0,0
3274,38,8539,premium,46,5,0,0
3275,30,3024,basic,23,4,0,0
3276,66,13127,basic,42,9,0,1
3277,21,11863,basic,12,0,0,0
3278,30,11220,premium,54,2,0,0
3279,69,4237,enterprise,17,8,0,1
3280,55,12344,basic,58,7,0,1
3281,22,10251,basic,23,3,0,0
3282,57,7076,basic,43,5,0,0
3283,68,2005,basic,30,0,1,1
3284,23,8876,basic,5,1,0,0
3285,39,12346,basic,6,9,0,1
3286,42,2435,basic,24,6,0,1
3287,24,2684,basic,12,0,0,0
3288,28,6978,enterprise,36,7,0,1
3289,27,8650,basic,9,4,0,0
3290,27,8167,basic,35,5,1,1
3291,38,7540,premium,13,8,0,1
3292,42,5317,enterprise,11,8,0,1
3293,30,2778,basic,22,1,1,1
3294,33,2406,basic,35,3,0,0
3295,27,3284,premium,24,2,1,1
3296,59,10975,basic,21,9,1,1
3297,29,12217,premium,21,7,0,1
3298,65,7656,basic,20,6,0,1
3299,46,3006,basic,24,0,0,0
3300,59,7403,basic,50,8,0,1
3301,51,14813,premium,35,5,0,0
3302,31,5249,basic,25,2,0,0
3303,49,8384,basic,45,4,0,0
3304,32,8991,basic,32,4,0,0
3305,24,6289,premium,56,2,0,0
3306,31,7694,basic,34,9,0,1
3307,32,8132,premium,13,9,0,1
3308,25,8161,premium,34,0,0,0
3309,19,11329,basic,46,9,0,1
3310,67,9551,enterprise,13,4,0,0
3311,44,2694,premium,12,7,0,1
3312,38,2082,basic,36,7,0,1
3313,66,7339,basic,53,5,0,0
3314,29,13800,basic,20,7,0,1
3315,38,2479,basic,30,6,0,1
3316,62,2924,basic,39,8,0,1
3317,50,10830,enterprise,40,4,0,0
3318,38,7862,premium,9,7,1,1
3319,31,4998,basic,24,9,0,1
3320,19,4695,basic,59,9,0,1
3321,22,10645,basic,53,1,1,1
3322,26,8809,basic,46,4,0,0
3323,58,10296,basic,2,5,0,0
3324,51,5642,enterprise,25,6,0,1
3325,40,8842,premium,4,6,0,1
3326,58,13180,basic,18,8,0,1
3327,26,6115,premium,52,5,0,0
3328,28,7152,basic,23,7,0,1
3329,38,4128,premium,10,8,0,1
3330,65,10303,basic,43,1,0,0
3331,49,2422,basic,45,6,0,1
3332,62,5235,premium,39,3,0,0
3333,30,11269,basic,48,9,0,1
3334,62,2252,basic,42,5,1,1
3335,21,14858,basic,38,6,0,1
3336,29,7254,premium,53,7,0,1
3337,45,7183,premium,20,2,0,0
3338,20,8974,basic,27,5,0,0
3339,62,10309,basic,34,7,0,1
3340,63,7974,premium,40,7,0,1
3341,46,13495,basic,29,2,0,0
3342,33,14506,basic,27,8,0,1
3343,23,4604,premium,10,1,0,0
3344,50,11188,basic,38,2,0,0
3345,45,5911,premium,8,8,0,1
3346,57,14943,basic,29,6,0,1
3347,49,5293,premium,25,5,0,0
3348,24,5835,basic,46,5,0,0
3349,24,11285,basic,29,9,0,1
3350,58,12257,basic,1,2,0,0
3351,26,3671,enterprise,30,2,0,0
3352,66,9222,premium,13,4,0,0
3353,23,6493,premium,23,8,0,1
3354,55,9952,basic,18,5,0,0
3355,68,9237,basic,10,7,0,1
3356,40,14816,premium,56,8,0,1
3357,20,14137,premium,15,8,0,1
3358,63,10501,basic,30,4,0,0
3359,27,10832,premium,49,4,0,0
3360,45,13684,basic,22,0,0,0
3361,69,4385,basic,56,0,0,0
3362,56,11434,enterprise,24,4,0,0
3363,20,12036,basic,56,7,0,1
3364,60,3656,basic,27,8,0,1
3365,26,13457,basic,1,4,0,0
3366,56,11092,enterprise,52,5,0,0
3367,50,6512,basic,51,8,1,1
3368,32,8296,premium,57,3,0,0
3369,40,8364,basic,8,1,0,0
3370,24,13944,basic,50,9,0,1
3371,69,14600,basic,21,5,0,0
3372,30,12488,basic,50,1,0,0
3373,34,10478,basic,57,2,1,1
3374,44,3353,basic,12,3,0,0
3375,52,13892,premium,22,2,0,0
3376,44,3740,basic,16,4,0,0
3377,44,4168,premium,18,8,0,1
3378,48,2904,premium,36,7,0,1
3379,62,14320,basic,25,9,1,1
3380,38,8412,basic,39,8,1,1
3381,61,5067,basic,40,3,0,0
3382,58,3050,basic,12,0,0,0
3383,67,7355,basic,3,1,0,0
3384,65,11407,basic,45,7,0,1
3385,59,14929,basic,11,3,0,0
3386,30,9180,basic,12,7,0,1
3387,58,9892,enterprise,36,4,1,1
3388,56,12866,basic,16,8,0,1
3389,33,13723,basic,12,5,0,0
3390,53,5637,basic,19,9,0,1
3391,31,14894,premium,31,2,0,0
3392,45,8748,basic,50,7,0,1
3393,59,14091,basic,59,5,0,0
3394,27,3527,premium,44,1,1,1
3395,35,3266,basic,54,2,0,0
3396,59,13499,basic,32,3,0,0
3397,41,10743,basic,25,1,0,0
3398,67,4275,premium,49,9,0,1
3399,18,13633,enterprise,18,2,1,1
3400,55,3330,premium,48,5,0,0
3401,60,10869,basic,59,5,0,0
3402,65,4665,basic,24,5,0,0
3403,26,2917,basic,38,6,0,1
3404,69,12481,premium,47,9,0,1
3405,38,13016,enterprise,47,9,0,1
3406,36,3375,premium,13,8,0,1
3407,36,3210,basic,57,4,0,0
3408,51,9987,premium,30,7,0,1
3409,52,2373,premium,3,1,0,0
3410,42,11700,premium,7,8,0,1
3411,21,13903,premium,43,1,0,0
3412,69,11764,basic,26,1,0,0
3413,29,4998,premium,7,8,1,1
3414,22,4470,basic,31,7,0,1
3415,49,10847,basic,36,1,0,0
3416,39,2801,premium,5,9,0,1
3417,50,8990,enterprise,21,1,0,0
3418,63,7834,premium,28,0,0,0
3419,23,11679,basic,47,9,0,1
3420,32,4632,basic,39,2,0,0
3421,44,11910,basic,6,2,1,1
3422,58,11090,premium,37,7,0,1
3423,49,5103,premium,54,6,0,1
3424,37,6637,enterprise,4,5,0,0
3425,49,2858,basic,59,9,0,1
3426,68,7841,basic,6,0,0,0
3427,42,5387,premium,37,9,1,1
3428,63,3475,basic,21,2,1,1
3429,58,9278,enterprise,44,6,0,1
3430,33,9378,basic,50,3,0,0
3431,30,3117,basic,51,2,0,0
3432,58,4411,basic,52,3,0,0
3433,28,3073,premium,49,5,0,0
3434,35,10826,premium,19,8,0,1
3435,30,6394,premium,28,1,1,1
3436,49,2925,premium,43,6,0,1
3437,33,4489,basic,10,8,0,1
3438,52,14686,premium,35,7,1,1
3439,66,5324,enterprise,32,9,0,1
3440,61,10898,basic,59,0,0,0
3441,67,8089,premium,3,3,1,1
3442,19,4362,basic,6,4,0,0
3443,41,5996,basic,2,5,0,0
3444,29,2183,basic,33,3,0,0
3445,65,11710,premium,33,2,0,0
3446,55,6348,basic,35,8,0,1
3447,34,8490,basic,15,2,0,0
3448,47,3986,premium,19,9,0,1
3449,49,12714,basic,25,0,0,0
3450,43,4839,premium,3,4,0,0
3451,42,9361,enterprise,45,6,0,1
3452,20,13345,basic,4,9,1,1
3453,41,11271,basic,40,7,0,1
3454,36,9841,enterprise,27,0,0,0
3455,60,13544,basic,59,7,1,1
3456,62,4293,basic,41,3,1,1
3457,57,14526,enterprise,29,8,0,1
3458,19,9236,premium,42,7,0,1
3459,61,7328,premium,7,1,0,0
3460,38,5325,basic,11,3,0,0
3461,39,11684,enterprise,30,8,0,1
3462,67,14690,premium,51,9,0,1
3463,63,10971,premium,49,6,0,1
3464,20,2425,premium,23,2,0,0
3465,36,8098,premium,17,3,0,0
3466,56,11520,basic,57,7,0,1
3467,46,7166,basic,34,5,0,0
3468,31,12048,basic,7,2,0,0
3469,45,11194,basic,14,2,1,1
3470,63,2873,basic,50,1,0,0
3471,29,9253,basic,53,4,0,0
3472,56,4234,premium,54,4,0,0
3473,56,8324,basic,1,5,0,0
3474,64,6995,basic,49,9,0,1
3475,33,12489,basic,7,6,0,1
3476,29,13286,basic,48,5,0,0
3477,46,7999,premium,53,3,1,1
3478,45,8980,basic,22,6,0,1
3479,39,10139,basic,12,9,0,1
3480,58,10518,premium,43,0,0,0
3481,59,10259,basic,5,3,0,0
3482,30,12179,basic,35,0,0,0
3483,59,14765,premium,20,2,0,0
3484,29,12765,basic,26,0,0,0
3485,39,3751,premium,49,5,0,0
3486,19,8191,premium,59,8,0,1
3487,35,7996,enterprise,24,9,1,1
3488,67,8614,basic,18,2,0,0
3489,41,8870,premium,50,6,0,1
3490,54,11334,premium,25,3,0,0
3491,23,7473,basic,12,3,0,0
3492,51,5423,enterprise,54,6,1,1
3493,37,7948,basic,59,6,0,1
3494,56,13108,premium,18,5,1,1
3495,66,6048,premium,10,0,0,0
3496,45,2270,basic,10,4,0,0
3497,23,14691,basic,36,2,0,0
3498,42,4545,enterprise,19,0,0,0
3499,24,9836,basic,37,0,1,1
3500,41,12402,basic,45,4,0,0
3501,21,5568,basic,1,1,0,0
3502,51,6423,premium,51,7,0,1
3503,34,5646,basic,2,0,0,0
3504,28,3947,basic,7,2,0,0
3505,18,3988,premium,43,9,0,1
3506,64,4427,basic,37,7,0,1
3507,61,7954,basic,58,5,0,0
3508,60,8899,basic,34,0,0,0
3509,21,2207,enterprise,25,0,0,0
3510,36,13000,premium,40,9,1,1
3511,68,10786,basic,45,7,0,1
3512,48,2918,basic,40,9,0,1
3513,24,12955,basic,22,8,1,1
3514,25,2396,enterprise,57,0,0,0
3515,31,9286,basic,18,8,0,1
3516,68,8047,basic,21,4,0,0
3517,26,8527,enterprise,17,6,0,1
3518,64,14430,basic,18,4,1,1
3519,53,14051,basic,13,7,0,1
3520,65,5627,basic,35,8,0,1
3521,60,9535,premium,43,9,0,1
3522,35,14469,basic,26,5,0,0
3523,61,11475,enterprise,55,2,1,1
3524,26,13539,basic,28,6,0,1
3525,33,7652,basic,28,4,0,0
3526,29,5680,premium,5,2,0,0
3527,24,8638,premium,54,7,0,1
3528,22,12620,premium,9,0,0,0
3529,27,14074,premium,10,4,0,0
3530,24,10916,basic,56,6,0,1
3531,37,11184,premium,31,9,1,1
3532,21,8653,basic,5,6,1,1
3533,21,6154,basic,27,9,0,1
3534,69,7497,enterprise,35,8,1,1
3535,22,8470,premium,1,2,0,0
3536,21,12601,basic,45,8,0,1
3537,19,9219,basic,40,3,0,0
3538,24,12310,enterprise,1,6,0,1
3539,45,2355,basic,37,2,0,0
3540,61,11840,basic,14,5,0,0
3541,56,8591,basic,44,6,0,1
3542,48,14977,basic,23,9,0,1
3543,22,8132,basic,12,9,0,1
3544,58,8220,enterprise,30,8,0,1
3545,19,3657,basic,27,5,0,0
3546,50,12489,basic,21,8,0,1
3547,39,11119,premium,52,1,0,0
3548,63,13212,basic,39,9,0,1
3549,33,3205,premium,29,2,0,0
3550,51,4750,premium,14,4,0,0
3551,40,13400,premium,34,9,0,1
3552,45,2546,premium,2,7,0,1
3553,66,8606,premium,53,8,0,1
3554,55,7261,premium,1,6,0,1
3555,39,14212,premium,42,6,0,1
3556,41,13137,basic,21,1,0,0
3557,54,13657,premium,43,9,0,1
3558,35,5758,premium,22,6,0,1
3559,26,9637,basic,2,6,0,1
3560,42,11100,premium,56,4,0,0
3561,21,14577,basic,46,9,0,1
3562,26,2095,basic,3,4,0,0
3563,39,14701,premium,2,1,0,0
3564,59,6619,basic,32,1,0,0
3565,58,3667,basic,57,6,0,1
3566,31,10001,basic,35,7,0,1
3567,39,12160,premium,1,2,0,0
3568,25,3686,basic,42,6,0,1
3569,57,2530,premium,26,9,0,1
3570,30,13655,premium,38,5,0,0
3571,59,14138,premium,21,9,0,1
3572,61,4031,enterprise,1,1,0,0
3573,53,13752,premium,2,4,0,0
3574,35,13827,basic,38,5,0,0
3575,67,14966,enterprise,38,3,0,0
3576,53,4813,basic,20,1,0,0
3577,51,9524,basic,5,4,0,0
3578,62,14925,basic,46,3,0,0
3579,63,13734,premium,9,2,1,1
3580,22,9861,basic,12,3,0,0
3581,63,4562,basic,27,4,0,0
3582,57,3096,basic,43,8,0,1
3583,28,5369,basic,59,4,0,0
3584,33,2848,basic,37,4,1,1
3585,57,4538,premium,57,3,0,0
3586,29,2973,basic,39,5,0,0
3587,41,11909,basic,51,2,0,0
3588,53,9668,basic,11,8,0,1
3589,51,8732,basic,4,4,0,0
3590,65,12524,premium,40,4,0,0
3591,23,7340,basic,58,0,0,0
3592,33,7238,basic,44,8,0,1
3593,69,4690,premium,21,4,0,0
3594,47,7782,basic,29,1,0,0
3595,30,4268,basic,7,1,0,0
3596,33,9660,premium,21,3,0,0
3597,35,14966,premium,41,7,0,1
3598,46,8929,premium,10,0,0,0
3599,32,5887,basic,29,1,0,0
3600,50,10944,basic,18,5,0,0
3601,41,12660,basic,29,4,1,1
3602,49,8133,basic,46,9,0,1
3603,26,5254,basic,53,7,0,1
3604,50,11280,enterprise,25,6,0,1
3605,66,4434,premium,49,3,0,0
3606,25,14965,basic,42,6,0,1
3607,35,6131,basic,55,5,0,0
3608,54,6553,premium,44,2,0,0
3609,50,11450,basic,33,3,1,1
3610,53,2158,basic,40,9,1,1
3611,47,4637,basic,19,5,0,0
3612,53,3633,premium,40,4,0,0
3613,49,7083,premium,42,7,0,1
3614,21,9195,basic,37,2,1,1
3615,57,4334,basic,7,2,0,0
3616,41,6475,premium,31,9,0,1
3617,20,12038,basic,42,8,0,1
3618,39,14219,premium,12,4,0,0
3619,40,2185,basic,47,9,0,1
3620,22,10156,premium,50,3,0,0
3621,69,2333,enterprise,32,6,0,1
3622,29,8764,premium,57,0,0,0
3623,35,13433,basic,51,6,0,1
3624,40,12374,premium,28,1,0,0
3625,61,5025,basic,53,2,0,0
3626,56,5361,basic,56,8,0,1
3627,58,12185,basic,7,2,0,0
3628,30,12656,enterprise,59,4,0,0
3629,61,5651,basic,1,9,0,1
3630,61,2039,premium,29,9,0,1
3631,42,7777,basic,56,4,0,0
3632,46,10055,basic,43,0,0,0
3633,19,7768,basic,16,2,0,0
3634,57,14151,premium,38,6,0,1
3635,67,12576,basic,13,3,1,1
3636,42,12242,basic,14,7,0,1
3637,46,2263,basic,54,9,0,1
3638,43,13097,basic,3,6,0,1
3639,22,11818,basic,57,6,0,1
3640,50,7160,basic,27,5,1,1
3641,55,9664,basic,4,1,0,0
3642,66,12715,enterprise,47,5,0,0
3643,66,13780,basic,3,9,0,1
3644,43,9160,basic,20,6,0,1
3645,67,2537,basic,15,7,0,1
3646,45,10041,basic,47,8,0,1
3647,51,10840,premium,24,3,0,0
3648,49,2765,basic,39,3,1,1
3649,69,12625,basic,5,9,0,1
3650,56,4620,premium,42,4,0,0
3651,24,13576,basic,42,7,0,1
3652,21,9162,enterprise,17,6,0,1
3653,39,6187,enterprise,52,1,0,0
3654,44,2764,basic,28,3,0,0
3655,52,2232,basic,40,3,1,1
3656,43,11638,basic,11,1,0,0
3657,44,6903,basic,56,7,0,1
3658,65,12920,basic,15,9,0,1
3659,35,4996,basic,37,9,0,1
3660,43,13964,basic,6,1,0,0
3661,46,14240,basic,3,4,0,0
3662,42,3322,basic,8,2,0,0
3663,68,10410,enterprise,56,0,0,0
3664,68,14216,enterprise,13,6,0,1
3665,44,6200,basic,52,8,0,1
3666,41,2879,premium,35,0,0,0
3667,48,13381,basic,6,6,0,1
3668,27,8162,premium,27,0,1,1
3669,40,2351,basic,29,8,0,1
3670,29,12923,premium,16,0,0,0
3671,25,10825,basic,36,4,1,1
3672,22,2914,basic,51,1,0,0
3673,48,5362,enterprise,53,4,0,0
3674,18,2237,basic,31,4,0,0
3675,51,14413,basic,53,5,1,1
3676,40,2324,premium,55,8,0,1
3677,37,12346,premium,6,9,0,1
3678,58,8646,premium,38,3,0,0
3679,46,9575,premium,46,9,0,1
3680,56,12550,premium,1,4,0,0
3681,54,13634,basic,36,1,1,1
3682,19,3656,premium,54,6,0,1
3683,29,2232,premium,16,7,0,1
3684,47,3619,premium,51,3,0,0
3685,68,10872,basic,56,5,1,1
3686,26,9391,basic,38,4,0,0
3687,23,3090,premium,38,1,0,0
3688,66,5045,basic,32,3,0,0
3689,68,8984,basic,25,4,0,0
3690,26,11492,premium,27,3,0,0
3691,38,6464,basic,31,9,0,1
3692,50,14345,basic,29,3,0,0
3693,28,14899,basic,49,6,0,1
3694,34,11958,basic,46,0,0,0
3695,38,7905,premium,21,3,0,0
3696,51,13403,basic,31,8,0,1
3697,34,11462,basic,13,8,0,1
3698,39,8754,basic,11,9,0,1
3699,33,7769,basic,22,0,0,0
3700,57,12820,basic,4,8,0,1
3701,25,9241,basic,51,2,0,0
3702,29,4377,basic,8,0,0,0
3703,30,14997,basic,20,0,1,1
3704,65,2888,basic,15,7,0,1
3705,67,11035,basic,13,5,0,0
3706,44,10527,basic,22,5,0,0
3707,26,9620,basic,43,8,0,1
3708,57,2675,basic,53,0,0,0
3709,43,8403,basic,12,0,1,1
3710,62,13602,basic,15,9,0,1
3711,36,5113,premium,28,6,0,1
3712,69,10990,basic,19,7,0,1
3713,59,13163,premium,48,5,0,0
3714,29,14378,premium,14,1,0,0
3715,55,8709,basic,24,5,0,0
3716,32,6080,basic,33,9,1,1
3717,36,11095,basic,23,1,0,0
3718,31,8320,basic,37,1,0,0
3719,53,10152,basic,48,3,0,0
3720,31,11641,basic,32,4,0,0
3721,51,11233,premium,27,6,1,1
3722,48,5156,basic,57,1,0,0
3723,57,11825,premium,58,9,0,1
3724,69,9044,premium,59,1,0,0
3725,18,14099,basic,1,2,0,0
3726,69,10573,enterprise,50,9,0,1
3727,23,13593,enterprise,54,3,0,0
3728,45,14724,basic,48,5,0,0
3729,35,14928,basic,45,4,0,0
3730,51,11681,basic,22,2,0,0
3731,55,9764,basic,43,5,1,1
3732,62,3535,basic,35,7,0,1
3733,38,7019,basic,50,0,1,1
3734,66,8179,basic,21,8,1,1
3735,34,12146,premium,44,1,1,1
3736,28,9654,basic,47,9,0,1
3737,37,7708,basic,50,9,0,1
3738,45,3906,basic,11,9,0,1
3739,52,11305,premium,51,6,0,1
3740,61,7615,premium,13,9,0,1
3741,29,2469,basic,56,8,0,1
3742,33,5692,premium,3,6,0,1
3743,66,13432,basic,14,8,0,1
3744,40,3544,premium,36,3,1,1
3745,30,7279,basic,33,8,0,1
3746,69,8656,basic,41,9,1,1
3747,41,3088,premium,24,6,0,1
3748,69,4153,premium,1,1,0,0
3749,65,14223,premium,37,2,0,0
3750,65,9676,basic,31,1,0,0
3751,48,4734,premium,31,5,0,0
3752,59,4206,basic,23,4,0,0
3753,67,7534,premium,53,8,1,1
3754,31,11406,premium,47,2,0,0
3755,19,11495,basic,11,1,0,0
3756,34,4538,basic,3,6,0,1
3757,51,11433,basic,11,1,0,0
3758,46,13651,basic,3,9,0,1
3759,22,4942,basic,42,0,0,0
3760,47,2340,basic,37,4,0,0
3761,27,14465,basic,28,9,0,1
3762,44,8785,basic,35,5,0,0
3763,47,12093,basic,48,8,0,1
3764,51,6161,premium,50,4,0,0
3765,39,5889,basic,26,7,0,1
3766,39,4925,basic,35,7,0,1
3767,53,4821,premium,35,5,0,0
3768,56,8130,enterprise,57,1,1,1
3769,60,3375,basic,45,9,0,1
3770,35,12946,basic,19,0,1,1
3771,40,8645,basic,53,3,0,0
3772,35,13898,enterprise,24,6,0,1
3773,45,8528,premium,45,7,0,1
3774,24,5942,premium,58,5,0,0
3775,40,8693,premium,48,4,0,0
3776,27,4005,basic,7,4,0,0
3777,45,12713,basic,13,9,0,1
3778,62,11361,premium,47,3,0,0
3779,69,3912,premium,8,8,0,1
3780,41,9565,basic,1,0,0,0
3781,20,8993,basic,16,6,0,1
3782,29,4613,basic,29,6,1,1
3783,23,3587,enterprise,8,6,0,1
3784,57,11883,basic,10,4,0,0
3785,69,5432,premium,20,6,0,1
3786,46,8746,basic,36,4,0,0
3787,27,5220,premium,33,5,0,0
3788,19,10494,premium,48,8,0,1
3789,68,2636,basic,58,6,1,1
3790,34,6671,premium,2,7,1,1
3791,23,9111,premium,41,9,0,1
3792,27,7708,premium,10,2,1,1
3793,31,9961,basic,22,5,0,0
3794,52,4344,premium,21,6,1,1
3795,64,7743,basic,42,6,0,1
3796,32,11834,basic,16,1,1,1
3797,53,6336,basic,53,7,0,1
3798,21,4041,premium,23,1,0,0
3799,18,13020,basic,49,4,1,1
3800,20,12117,basic,57,7,0,1
3801,66,10845,basic,31,2,0,0
3802,48,12374,basic,6,1,0,0
3803,59,12124,basic,42,6,0,1
3804,19,11705,basic,25,2,0,0
3805,19,8622,premium,20,8,0,1
3806,62,2252,basic,27,8,0,1
3807,23,9762,basic,18,3,0,0
3808,26,5550,premium,17,7,0,1
3809,44,12052,enterprise,59,2,0,0
3810,49,8088,premium,17,9,0,1
3811,29,13768,premium,28,2,0,0
3812,41,9742,enterprise,43,8,0,1
3813,53,9156,basic,14,7,1,1
3814,41,13949,enterprise,37,3,0,0
3815,37,8175,enterprise,53,8,0,1
3816,21,6882,basic,48,6,1,1
3817,41,6829,premium,2,6,0,1
3818,59,13375,premium,24,3,0,0
3819,50,11831,premium,1,2,0,0
3820,64,4124,premium,36,6,0,1
3821,24,8402,basic,20,0,0,0
3822,18,6826,basic,53,3,0,0
3823,46,10407,premium,11,1,0,0
3824,27,2679,premium,51,0,0,0
3825,48,11283,premium,21,0,0,0
3826,65,11652,premium,55,0,0,0
3827,35,4945,premium,12,9,0,1
3828,46,3958,enterprise,16,7,0,1
3829,53,10157,basic,21,9,0,1
3830,25,5341,enterprise,59,0,0,0
3831,64,14240,basic,44,9,1,1
3832,28,12078,basic,49,5,0,0
3833,60,14415,basic,33,7,0,1
3834,52,8951,basic,47,8,0,1
3835,25,14200,basic,37,2,0,0
3836,55,2181,basic,40,7,0,1
3837,28,5769,premium,50,6,0,1
3838,49,2029,premium,59,4,0,0
3839,67,10808,basic,34,4,0,0
3840,67,8638,premium,27,2,0,0
3841,63,5739,basic,39,1,0,0
3842,43,5964,basic,44,9,0,1
3843,47,10368,basic,59,7,0,1
3844,33,4344,basic,42,5,0,0
3845,65,8689,premium,57,6,0,1
3846,42,9976,basic,44,4,0,0
3847,58,5119,premium,57,2,1,1
3848,36,4969,basic,45,9,1,1
3849,56,6604,premium,53,9,1,1
3850,29,9698,enterprise,12,2,0,0
3851,56,5307,basic,59,8,0,1
3852,20,6930,basic,21,4,0,0
3853,23,9064,basic,48,7,0,1
3854,36,4427,basic,24,1,0,0
3855,43,9396,basic,28,4,0,0
3856,54,3795,basic,45,1,0,0
3857,36,3852,premium,32,8,0,1
3858,18,5079,enterprise,43,3,1,1
3859,34,5724,basic,5,2,0,0
3860,40,2387,basic,50,6,0,1
3861,46,14500,basic,25,9,0,1
3862,51,6005,basic,47,3,0,0
3863,30,12460,premium,17,7,1,1
3864,49,13725,basic,36,6,1,1
3865,50,12408,basic,35,4,0,0
3866,58,12807,basic,9,8,0,1
3867,45,3300,basic,28,1,0,0
3868,60,6836,basic,38,8,0,1
3869,29,11700,basic,50,4,0,0
3870,55,9485,premium,53,0,0,0
3871,20,2073,basic,23,9,0,1
3872,23,9375,premium,38,7,0,1
3873,62,12458,basic,11,8,0,1
3874,42,12773,premium,53,1,0,0
3875,50,6990,basic,52,7,0,1
3876,49,5071,basic,59,6,0,1
3877,54,6024,premium,29,9,0,1
3878,30,5853,premium,22,3,0,0
3879,27,6505,basic,45,9,0,1
3880,20,5923,basic,43,7,0,1
3881,62,7943,premium,13,2,0,0
3882,29,2531,enterprise,32,2,0,0
3883,47,5577,premium,38,9,0,1
3884,41,6090,basic,27,6,0,1
3885,26,3993,basic,22,1,0,0
3886,39,13412,basic,15,1,0,0
3887,22,10781,basic,25,8,0,1
3888,27,13855,basic,15,1,0,0
3889,25,9300,premium,18,2,0,0
3890,60,3425,basic,11,6,0,1
3891,47,13760,premium,23,8,0,1
3892,66,7954,premium,38,3,0,0
3893,40,10897,premium,23,6,0,1
3894,28,6957,basic,9,7,0,1
3895,49,8425,basic,48,6,1,1
3896,66,8361,basic,26,6,0,1
3897,45,5701,basic,35,2,0,0
3898,18,9211,basic,31,6,1,1
3899,33,11538,basic,30,0,1,1
3900,66,2263,basic,26,7,0,1
3901,44,3701,basic,45,7,0,1
3902,67,12949,enterprise,51,7,0,1
3903,44,9405,premium,54,0,0,0
3904,18,14657,basic,27,9,1,1
3905,63,9860,enterprise,21,4,0,0
3906,57,10494,basic,5,0,0,0
3907,55,13687,basic,27,5,0,0
3908,68,10585,premium,59,5,0,0
3909,28,6285,basic,16,4,0,0
3910,65,8863,basic,50,7,0,1
3911,30,5062,basic,45,5,0,0
3912,68,6345,basic,39,2,0,0
3913,27,10843,premium,34,6,1,1
3914,46,3936,basic,45,2,0,0
3915,59,10735,basic,6,1,0,0
3916,22,9592,basic,8,2,0,0
3917,21,6008,basic,12,9,0,1
3918,62,2584,basic,46,5,0,0
3919,21,11160,premium,26,3,0,0
3920,49,12718,premium,13,3,0,0
3921,66,11490,basic,3,8,1,1
3922,49,7471,premium,29,6,0,1
3923,43,10495,basic,24,7,1,1
3924,39,7391,basic,11,6,0,1
3925,51,6657,basic,2,9,0,1
3926,47,6253,basic,45,6,0,1
3927,44,4741,premium,46,4,1,1
3928,25,14601,enterprise,15,2,0,0
3929,52,10660,basic,30,0,0,0
3930,56,4273,basic,15,7,0,1
3931,54,13245,premium,25,9,1,1
3932,21,3967,basic,7,6,0,1
3933,54,9717,basic,56,4,0,0
3934,55,4151,enterprise,43,1,0,0
3935,27,6696,premium,54,6,0,1
3936,62,10560,enterprise,18,2,0,0
3937,45,14988,basic,52,6,0,1
3938,42,14894,basic,31,3,1,1
3939,55,13642,basic,12,8,0,1
3940,44,5061,enterprise,20,9,1,1
3941,46,3215,basic,48,2,0,0
3942,34,13773,basic,46,3,0,0
3943,66,14000,basic,43,9,0,1
3944,68,5622,premium,14,0,0,0
3945,24,2249,premium,39,5,0,0
3946,56,10422,premium,56,1,0,0
3947,19,2989,basic,3,4,0,0
3948,37,2526,premium,19,0,0,0
3949,68,14182,basic,5,1,0,0
3950,27,8443,basic,7,4,0,0
3951,37,3456,basic,59,0,1,1
3952,29,10509,basic,15,7,0,1
3953,55,6799,basic,11,5,1,1
3954,42,8972,enterprise,5,4,0,0
3955,48,13685,basic,58,4,0,0
3956,67,5091,basic,28,8,0,1
3957,45,10404,premium,47,8,0,1
3958,56,12770,premium,15,0,0,0
3959,23,7509,basic,38,6,0,1
3960,29,14611,premium,53,4,0,0
3961,67,7827,basic,40,7,0,1
3962,62,7969,basic,31,7,0,1
3963,52,13494,premium,13,7,0,1
3964,37,10266,basic,14,6,0,1
3965,28,13293,basic,36,2,0,0
3966,62,12275,basic,27,8,1,1
3967,58,11260,basic,3,7,0,1
3968,30,5139,basic,12,2,0,0
3969,48,7184,enterprise,26,2,0,0
3970,50,13237,basic,11,5,0,0
3971,42,10008,premium,33,3,0,0
3972,66,5642,basic,18,6,0,1
3973,24,6255,premium,18,4,0,0
3974,31,12085,basic,7,1,0,0
3975,22,4316,basic,30,3,0,0
3976,54,3457,basic,12,8,0,1
3977,51,11946,basic,38,8,0,1
3978,69,5749,enterprise,56,3,1,1
3979,46,11950,premium,54,7,0,1
3980,25,8937,premium,40,0,0,0
3981,41,14971,basic,48,9,0,1
3982,22,8823,basic,55,7,0,1
3983,52,13277,premium,41,0,0,0
3984,53,13055,premium,16,7,0,1
3985,62,4755,basic,30,4,0,0
3986,35,14949,premium,51,8,0,1
3987,34,11695,basic,40,2,0,0
3988,21,3393,enterprise,22,8,0,1
3989,39,2078,basic,10,8,0,1
3990,42,5528,basic,9,2,0,0
3991,57,2211,premium,23,4,0,0
3992,57,6648,basic,48,6,0,1
3993,25,14952,basic,33,2,0,0
3994,32,8225,basic,4,9,0,1
3995,44,2310,basic,55,1,0,0
3996,35,8420,enterprise,24,2,1,1
3997,19,4848,premium,24,5,0,0
3998,61,13130,basic,49,4,0,0
3999,56,3177,enterprise,23,0,0,0
4000,45,12017,premium,37,9,0,1
4001,34,7797,premium,55,2,0,0
4002,61,2245,basic,31,1,1,1
4003,19,10750,basic,37,5,1,1
4004,41,7915,basic,21,9,0,1
4005,59,12030,basic,53,0,0,0
4006,67,10034,premium,5,4,0,0
4007,31,12234,basic,17,9,1,1
4008,51,7985,basic,59,8,0,1
4009,27,2103,premium,29,1,0,0
4010,24,3698,basic,11,6,0,1
4011,36,7965,basic,25,8,0,1
4012,64,7167,premium,16,6,0,1
4013,53,12326,premium,31,6,0,1
4014,43,7351,basic,14,7,0,1
4015,32,13182,enterprise,24,4,0,0
4016,25,4440,premium,54,0,0,0
4017,32,7003,premium,5,6,0,1
4018,25,11831,basic,46,6,0,1
4019,27,3613,premium,5,8,0,1
4020,53,6178,premium,27,9,0,1
4021,24,11774,basic,40,3,1,1
4022,20,9656,enterprise,57,9,0,1
4023,46,12114,enterprise,15,0,0,0
4024,32,8704,basic,4,9,0,1
4025,41,13169,premium,45,1,0,0
4026,25,13406,basic,53,6,0,1
4027,28,14669,premium,34,6,0,1
4028,40,3586,premium,4,6,0,1
4029,53,9685,basic,30,9,0,1
4030,39,3485,basic,24,5,0,0
4031,46,4975,basic,27,1,0,0
4032,45,5904,enterprise,4,6,0,1
4033,31,10399,basic,19,2,0,0
4034,32,7605,premium,59,6,0,1
4035,40,13241,basic,3,3,1,1
4036,19,5881,basic,54,0,0,0
4037,53,10023,enterprise,31,6,0,1
4038,49,11921,basic,35,0,0,0
4039,33,14744,basic,56,3,0,0
4040,37,5188,basic,13,6,0,1
4041,35,11536,basic,59,8,0,1
4042,51,3102,basic,17,3,0,0
4043,57,9064,basic,21,2,0,0
4044,23,7379,premium,27,3,0,0
4045,39,14461,basic,36,5,0,0
4046,18,12053,basic,20,1,0,0
4047,41,14054,basic,47,5,0,0
4048,30,13057,basic,2,8,0,1
4049,35,7338,enterprise,40,0,0,0
4050,41,11533,basic,39,9,0,1
4051,34,2396,basic,32,5,0,0
4052,38,9252,basic,37,6,0,1
4053,57,2614,enterprise,45,6,0,1
4054,60,11414,premium,54,9,0,1
4055,18,14567,premium,13,6,0,1
4056,37,10858,enterprise,29,8,0,1
4057,62,12919,premium,34,2,0,0
4058,45,5046,enterprise,21,2,0,0
4059,28,14920,basic,58,6,0,1
4060,48,9159,premium,31,1,0,0
4061,25,10767,premium,35,1,0,0
4062,19,12017,enterprise,12,2,0,0
4063,50,10314,basic,25,2,0,0
4064,44,6122,premium,37,0,1,1
4065,57,9948,basic,26,7,0,1
4066,35,10501,premium,46,5,0,0
4067,62,13145,basic,9,2,0,0
4068,39,8259,basic,10,2,0,0
4069,56,8523,premium,21,9,1,1
4070,23,8541,basic,19,9,0,1
4071,23,3487,basic,49,1,0,0
4072,58,3170,basic,52,6,1,1
4073,61,2265,premium,28,3,1,1
4074,67,10660,premium,30,3,1,1
4075,34,7445,premium,18,5,0,0
4076,19,13253,basic,32,9,0,1
4077,68,11129,premium,42,5,0,0
4078,49,3838,premium,43,9,0,1
4079,30,3300,basic,58,8,0,1
4080,57,6759,basic,35,7,0,1
4081,65,13972,basic,21,7,0,1
4082,32,2632,basic,5,7,0,1
4083,58,4436,basic,41,2,0,0
4084,58,2385,basic,48,9,0,1
4085,44,7377,basic,33,9,0,1
4086,50,14865,basic,55,6,0,1
4087,32,10888,basic,19,7,0,1
4088,66,8415,premium,4,8,0,1
4089,69,3877,basic,38,1,0,0
4090,69,6621,basic,8,0,0,0
4091,56,8819,premium,5,9,0,1
4092,20,5573,basic,42,5,0,0
4093,37,11165,basic,26,7,0,1
4094,41,14740,basic,36,5,0,0
4095,67,4677,basic,45,5,0,0
4096,46,5279,basic,23,0,0,0
4097,45,3641,basic,37,2,0,0
4098,25,11434,basic,32,0,0,0
4099,59,8002,basic,35,4,0,0
4100,35,5688,enterprise,42,0,0,0
4101,22,4849,basic,23,8,0,1
4102,69,2916,basic,30,2,0,0
4103,27,8190,basic,35,7,0,1
4104,18,10882,premium,9,0,0,0
4105,22,5055,premium,13,0,0,0
4106,41,2021,premium,6,4,0,0
4107,23,8153,basic,12,7,0,1
4108,61,10784,basic,26,8,0,1
4109,44,6484,premium,56,5,0,0
4110,34,5254,basic,55,6,0,1
4111,18,4005,enterprise,46,6,0,1
4112,42,11699,basic,33,6,0,1
4113,25,13200,basic,12,7,0,1
4114,68,12006,basic,22,0,0,0
4115,33,8736,basic,46,4,0,0
4116,42,11413,premium,54,8,0,1
4117,18,7159,basic,57,4,0,0
4118,24,2318,basic,23,1,0,0
4119,28,6778,premium,29,6,0,1
4120,20,11148,premium,31,3,0,0
4121,55,10415,premium,4,5,0,0
4122,67,14871,enterprise,7,5,0,0
4123,69,14967,premium,3,6,1,1
4124,31,5154,basic,44,9,0,1
4125,59,2124,premium,14,6,0,1
4126,44,5565,enterprise,42,9,0,1
4127,20,13389,basic,23,0,0,0
4128,22,12575,premium,47,7,0,1
4129,46,3283,basic,7,4,0,0
4130,40,4085,premium,20,7,0,1
4131,18,9325,basic,13,0,0,0
4132,66,10587,premium,26,5,0,0
4133,55,14770,basic,34,0,0,0
4134,44,11815,basic,10,6,0,1
4135,69,4754,basic,40,2,0,0
4136,68,2483,premium,57,1,0,0
4137,68,10237,basic,3,0,1,1
4138,31,9198,premium,6,2,0,0
4139,63,13982,basic,57,9,0,1
4140,44,9486,basic,39,9,0,1
4141,55,8516,basic,55,0,0,0
4142,62,5944,enterprise,42,9,1,1
4143,26,3121,basic,43,5,0,0
4144,41,13392,premium,10,3,0,0
4145,24,12738,basic,31,9,0,1
4146,32,4115,premium,22,2,1,1
4147,39,11150,basic,50,1,0,0
4148,62,6734,basic,3,2,1,1
4149,62,7681,basic,2,1,0,0
4150,38,13032,basic,33,4,0,0
4151,35,12946,basic,58,1,0,0
4152,45,4478,basic,59,2,0,0
4153,65,5998,basic,36,3,0,0
4154,68,12677,enterprise,26,6,0,1
4155,29,13920,basic,17,8,1,1
4156,27,3027,enterprise,59,0,1,1
4157,54,12836,basic,11,6,0,1
4158,33,8359,basic,8,1,0,0
4159,28,9674,basic,30,9,0,1
4160,19,2979,basic,24,2,0,0
4161,38,10844,basic,30,8,0,1
4162,38,10812,premium,54,7,0,1
4163,47,10615,premium,16,3,0,0
4164,28,12277,basic,52,3,0,0
4165,55,14298,basic,13,3,0,0
4166,53,13048,basic,20,4,0,0
4167,42,11682,premium,1,4,0,0
4168,27,14756,basic,41,6,0,1
4169,44,10769,basic,51,4,0,0
4170,53,10736,basic,53,7,0,1
4171,37,9046,basic,10,4,0,0
4172,31,11997,premium,46,3,0,0
4173,44,2927,basic,9,3,0,0
4174,36,8574,basic,38,7,0,1
4175,38,7529,enterprise,42,1,1,1
4176,36,13865,enterprise,10,2,0,0
4177,33,2943,basic,7,3,0,0
4178,55,10368,basic,5,6,0,1
4179,41,4396,premium,42,1,0,0
4180,42,13486,basic,37,4,0,0
4181,51,13074,basic,8,6,0,1
4182,36,5060,basic,30,9,0,1
4183,23,13332,basic,47,4,0,0
4184,62,8457,enterprise,15,9,0,1
4185,20,14623,premium,36,6,1,1
4186,47,11487,enterprise,18,7,0,1
4187,31,2448,premium,16,2,1,1
4188,29,4635,premium,24,9,0,1
4189,20,7246,premium,21,2,0,0
4190,64,4747,premium,30,1,0,0
4191,40,3721,basic,13,0,1,1
4192,35,14714,basic,24,6,0,1
4193,56,13297,basic,37,6,0,1
4194,20,7649,basic,23,1,0,0
4195,47,4795,basic,39,8,1,1
4196,43,4363,basic,7,2,0,0
4197,46,13905,basic,9,6,0,1
4198,24,6309,basic,52,5,0,0
4199,67,2163,basic,28,5,0,0
4200,30,7165,basic,36,7,0,1
4201,53,7906,basic,44,9,0,1
4202,56,10100,enterprise,9,7,0,1
4203,35,6402,basic,58,9,0,1
4204,24,13999,basic,26,8,0,1
4205,33,10366,basic,53,3,0,0
4206,59,14825,premium,25,5,0,0
4207,65,6771,premium,24,1,0,0
4208,66,10472,basic,36,9,0,1
4209,29,6749,basic,12,9,0,1
4210,49,11098,premium,36,8,1,1
4211,25,11693,enterprise,59,7,0,1
4212,54,6183,basic,39,8,0,1
4213,39,14189,basic,5,7,1,1
4214,55,13143,basic,42,2,0,0
4215,53,13628,basic,2,2,0,0
4216,69,4831,premium,7,5,1,1
4217,43,11332,enterprise,17,4,1,1
4218,35,3382,enterprise,18,7,0,1
4219,45,3371,premium,1,7,1,1
4220,26,14652,basic,2,9,0,1
4221,23,3987,enterprise,47,7,0,1
4222,44,13233,basic,27,0,0,0
4223,60,7600,basic,12,3,0,0
4224,45,5947,premium,26,3,0,0
4225,58,2955,basic,41,6,0,1
4226,27,10777,premium,44,3,0,0
4227,41,11377,enterprise,18,9,0,1
4228,49,8071,premium,10,2,0,0
4229,36,12529,premium,57,4,0,0
4230,18,6200,basic,38,8,0,1
4231,21,9171,basic,58,3,0,0
4232,66,5728,premium,19,0,0,0
4233,49,9568,basic,7,3,0,0
4234,31,3768,enterprise,23,3,1,1
4235,31,8190,basic,20,6,1,1
4236,20,9141,basic,43,7,0,1
4237,67,9235,basic,43,5,0,0
4238,23,7805,premium,5,4,0,0
4239,57,10366,premium,35,5,0,0
4240,30,8658,enterprise,21,1,0,0
4241,35,5682,basic,37,1,0,0
4242,32,4799,basic,24,6,0,1
4243,60,10420,basic,32,8,0,1
4244,19,14201,basic,43,5,0,0
4245,36,11791,basic,18,0,0,0
4246,32,10301,basic,12,9,0,1
4247,32,13979,basic,42,3,0,0
4248,28,13694,basic,56,7,0,1
4249,65,8584,premium,27,8,0,1
4250,37,3420,premium,59,9,0,1
4251,39,10245,basic,11,1,0,0
4252,38,10097,basic,49,1,0,0
4253,68,5605,premium,59,6,0,1
4254,35,13043,premium,18,7,0,1
4255,35,13309,premium,9,8,0,1
4256,35,6301,basic,40,5,0,0
4257,35,8199,basic,52,1,0,0
4258,22,4536,enterprise,5,7,0,1
4259,49,4318,basic,38,6,1,1
4260,19,5445,basic,52,4,0,0
4261,29,6755,enterprise,2,6,0,1
4262,28,5548,basic,31,2,0,0
4263,33,3971,premium,5,8,0,1
4264,57,7813,premium,11,0,0,0
4265,49,10106,basic,29,8,0,1
4266,69,6237,premium,20,8,1,1
4267,36,8936,basic,6,6,1,1
4268,66,5526,premium,48,8,0,1
4269,20,11150,enterprise,12,9,0,1
4270,44,10430,premium,52,1,0,0
4271,59,14480,basic,11,5,0,0
4272,45,2689,premium,31,6,0,1
4273,66,13090,enterprise,43,9,0,1
4274,34,6424,premium,29,7,0,1
4275,19,2858,premium,25,5,0,0
4276,58,10966,basic,45,5,0,0
4277,21,4232,premium,1,1,0,0
4278,57,4286,basic,49,3,0,0
4279,56,14735,basic,41,4,0,0
4280,61,4872,enterprise,46,8,0,1
4281,42,9113,enterprise,25,8,0,1
4282,64,4608,enterprise,23,6,0,1
4283,26,3611,basic,34,1,0,0
4284,40,2012,basic,38,7,0,1
4285,24,2208,basic,55,4,0,0
4286,57,8158,basic,51,6,1,1
4287,55,7642,premium,4,4,0,0
4288,59,2506,basic,9,7,0,1
4289,57,6544,basic,56,2,0,0
4290,34,5548,basic,23,1,0,0
4291,21,9427,basic,35,2,0,0
4292,66,14932,premium,4,9,1,1
4293,43,10991,premium,7,0,0,0
4294,22,13939,basic,25,2,0,0
4295,66,4498,basic,43,3,0,0
4296,69,4795,basic,46,8,0,1
4297,41,11760,basic,53,3,0,0
4298,58,6030,enterprise,12,8,0,1
4299,19,13034,premium,12,9,0,1
4300,22,8028,basic,32,6,1,1
4301,32,4610,premium,33,3,0,0
4302,52,12977,basic,3,5,1,1
4303,24,9155,basic,27,6,1,1
4304,19,12434,basic,53,1,1,1
4305,52,7879,basic,10,8,1,1
4306,58,3641,basic,49,4,0,0
4307,56,10853,premium,27,8,0,1
4308,59,3617,enterprise,31,6,0,1
4309,59,10622,basic,38,8,0,1
4310,49,7417,premium,42,0,0,0
4311,45,12289,basic,38,0,0,0
4312,62,13311,basic,7,1,0,0
4313,36,7295,basic,18,8,0,1
4314,23,13467,basic,50,9,0,1
4315,57,3441,basic,3,9,0,1
4316,32,3395,enterprise,43,3,0,0
4317,68,14916,premium,31,2,0,0
4318,39,9465,basic,8,3,0,0
4319,62,7859,premium,8,8,0,1
4320,20,4023,basic,58,2,0,0
4321,52,5756,premium,2,5,0,0
4322,41,10919,basic,2,6,0,1
4323,42,12682,basic,1,3,0,0
4324,31,13913,premium,38,4,0,0
4325,68,7300,basic,55,6,1,1
4326,38,7912,basic,11,7,0,1
4327,62,4122,basic,47,1,1,1
4328,40,3080,basic,43,5,0,0
4329,20,7692,basic,14,1,0,0
4330,63,9530,premium,5,0,1,1
4331,27,3356,premium,29,6,0,1
4332,32,7310,basic,5,4,0,0
4333,62,10340,basic,7,2,0,0
4334,64,12541,premium,28,0,0,0
4335,65,14200,premium,49,9,0,1
4336,40,6424,premium,59,8,0,1
4337,57,7092,basic,38,9,0,1
4338,35,13373,basic,17,1,1,1
4339,56,11012,basic,20,0,1,1
4340,44,5558,basic,37,2,0,0
4341,20,10906,basic,11,1,0,0
4342,39,4047,basic,31,4,0,0
4343,42,7837,premium,46,6,0,1
4344,31,5984,basic,50,1,1,1
4345,37,14904,premium,4,3,0,0
4346,44,2453,basic,18,5,0,0
4347,20,13137,basic,16,3,0,0
4348,25,5656,premium,33,4,0,0
4349,57,2470,premium,11,5,0,0
4350,36,10581,basic,57,9,0,1
4351,49,10814,premium,55,3,0,0
4352,47,3849,basic,20,0,0,0
4353,46,2498,basic,25,8,0,1
4354,39,3447,premium,26,5,0,0
4355,43,7315,premium,3,4,1,1
4356,60,3721,basic,53,7,0,1
4357,68,11139,enterprise,46,9,0,1
4358,31,3008,premium,20,1,0,0
4359,52,12255,premium,33,8,0,1
4360,68,13370,basic,23,6,0,1
4361,18,11319,basic,14,5,0,0
4362,58,14273,basic,18,8,1,1
4363,43,14210,premium,7,3,0,0
4364,68,2605,basic,48,7,0,1
4365,48,6445,premium,39,5,0,0
4366,61,11880,basic,55,9,1,1
4367,26,6415,premium,1,4,0,0
4368,25,11582,premium,38,7,1,1
4369,66,12065,premium,34,4,1,1
4370,45,14959,premium,37,3,0,0
4371,47,6288,premium,59,3,0,0
4372,26,6522,basic,24,9,1,1
4373,29,2315,premium,9,8,0,1
4374,60,5711,enterprise,1,2,0,0
4375,33,5646,basic,30,8,0,1
4376,48,7890,basic,11,5,0,0
4377,34,7475,enterprise,9,1,0,0
4378,31,13135,basic,9,7,1,1
4379,26,12059,basic,17,1,0,0
4380,66,11471,basic,7,8,0,1
4381,66,2067,basic,29,4,0,0
4382,23,8131,basic,39,9,1,1
4383,36,11484,basic,18,4,0,0
4384,47,5179,enterprise,9,0,0,0
4385,37,7523,basic,34,7,0,1
4386,55,11451,basic,6,7,1,1
4387,31,12329,premium,44,3,0,0
4388,21,13108,premium,23,2,0,0
4389,35,7587,basic,25,8,0,1
4390,49,7199,basic,15,7,0,1
4391,27,6975,premium,17,2,0,0
4392,60,10691,premium,9,7,0,1
4393,18,7454,basic,33,2,0,0
4394,21,7202,basic,9,1,0,0
4395,44,4187,premium,41,6,0,1
4396,44,8220,premium,16,8,0,1
4397,33,5084,basic,34,9,0,1
4398,31,8823,premium,32,4,0,0
4399,21,13552,premium,38,1,1,1
4400,52,12084,premium,45,5,0,0
4401,37,8214,premium,34,6,0,1
4402,24,14707,premium,51,9,1,1
4403,38,14742,basic,16,1,0,0
4404,66,7776,basic,45,6,0,1
4405,31,11925,premium,21,5,0,0
4406,64,6450,premium,38,5,0,0
4407,31,13422,basic,30,0,0,0
4408,27,6856,basic,54,0,0,0
4409,31,5357,premium,17,6,0,1
4410,34,3740,premium,31,1,1,1
4411,24,12954,basic,10,6,0,1
4412,48,5860,basic,38,0,0,0
4413,35,12573,basic,3,8,0,1
4414,55,3123,enterprise,25,3,0,0
4415,43,8511,premium,1,4,0,0
4416,41,7562,basic,20,3,0,0
4417,42,7704,basic,29,4,0,0
4418,26,4175,premium,20,5,0,0
4419,55,2960,basic,23,6,0,1
4420,23,6503,enterprise,9,6,1,1
4421,55,8113,basic,43,9,1,1
4422,69,12316,basic,47,1,0,0
4423,57,8011,basic,27,8,1,1
4424,41,5197,basic,4,6,1,1
4425,34,5412,premium,4,3,0,0
4426,63,9954,premium,40,9,0,1
4427,31,7663,basic,55,7,0,1
4428,43,13715,basic,52,1,0,0
4429,58,7717,premium,24,1,0,0
4430,65,9370,premium,30,6,1,1
4431,65,2830,basic,10,7,0,1
4432,22,4519,basic,5,0,1,1
4433,64,13052,basic,46,6,0,1
4434,23,6481,basic,26,5,0,0
4435,48,7473,premium,30,9,1,1
4436,66,9674,basic,21,7,0,1
4437,52,2752,basic,19,9,0,1
4438,67,8585,premium,59,0,0,0
4439,35,6500,basic,49,7,0,1
4440,34,3932,basic,41,3,0,0
4441,34,7438,basic,23,5,0,0
4442,36,7808,enterprise,43,8,0,1
4443,53,4422,premium,21,8,0,1
4444,41,9059,basic,31,2,0,0
4445,56,11700,premium,9,2,0,0
4446,39,5475,basic,42,7,0,1
4447,34,14564,basic,4,8,0,1
4448,27,9961,basic,43,6,0,1
4449,46,12050,basic,36,0,1,1
4450,64,2912,basic,4,1,1,1
4451,62,11977,enterprise,30,7,0,1
4452,31,6375,basic,14,7,0,1
4453,42,11231,premium,29,8,0,1
4454,54,12455,premium,1,5,0,0
4455,49,5255,basic,43,4,0,0
4456,21,5370,basic,31,1,1,1
4457,48,2773,basic,22,7,0,1
4458,20,9867,basic,52,9,1,1
4459,24,12062,basic,39,0,0,0
4460,51,7330,enterprise,36,4,0,0
4461,23,4092,premium,9,3,0,0
4462,35,6113,basic,30,7,0,1
4463,48,7236,basic,42,7,0,1
4464,52,13909,basic,55,2,0,0
4465,41,3612,enterprise,36,9,0,1
4466,22,6462,basic,11,1,1,1
4467,59,10294,basic,41,7,0,1
4468,67,5076,premium,5,7,1,1
4469,64,13501,basic,19,1,0,0
4470,56,13820,basic,55,6,0,1
4471,38,6941,premium,48,2,0,0
4472,63,11697,basic,54,2,0,0
4473,43,11826,basic,21,0,0,0
4474,25,10863,basic,41,7,0,1
4475,62,4424,basic,42,8,0,1
4476,34,2643,enterprise,15,5,1,1
4477,66,6513,basic,56,7,0,1
4478,37,3705,premium,58,3,0,0
4479,63,5800,basic,7,5,0,0
4480,45,10298,premium,46,7,0,1
4481,42,9654,enterprise,27,4,0,0
4482,33,4722,basic,40,6,0,1
4483,61,2230,enterprise,33,1,1,1
4484,21,4933,premium,14,5,1,1
4485,42,7912,premium,6,8,0,1
4486,37,12128,basic,31,7,1,1
4487,46,6746,premium,50,3,0,0
4488,31,5717,basic,49,5,0,0
4489,52,9167,enterprise,17,6,0,1
4490,38,2930,enterprise,51,9,1,1
4491,27,4930,basic,22,8,0,1
4492,28,2473,enterprise,34,8,0,1
4493,54,8833,premium,20,7,0,1
4494,31,7761,basic,31,3,0,0
4495,33,9573,basic,32,3,1,1
4496,50,10022,basic,42,4,0,0
4497,35,7136,basic,28,4,0,0
4498,38,13295,basic,32,9,0,1
4499,30,13937,enterprise,39,8,0,1
4500,35,3440,basic,25,8,1,1
4501,54,13961,premium,31,6,1,1
4502,45,4556,premium,6,1,0,0
4503,69,5229,premium,52,1,0,0
4504,58,8887,basic,8,2,1,1
4505,18,2382,basic,52,6,1,1
4506,37,6733,premium,45,3,0,0
4507,33,4529,basic,56,6,0,1
4508,48,8272,basic,2,8,0,1
4509,31,12590,premium,13,3,0,0
4510,68,14013,basic,4,9,0,1
4511,33,4758,basic,25,5,0,0
4512,45,9083,basic,54,8,0,1
4513,24,8167,basic,46,0,0,0
4514,65,7396,premium,42,2,1,1
4515,65,10225,basic,51,9,0,1
4516,59,14862,enterprise,1,8,0,1
4517,36,7268,premium,47,5,0,0
4518,21,2847,basic,19,0,0,0
4519,54,13907,basic,41,0,1,1
4520,40,14117,basic,46,4,0,0
4521,69,6190,enterprise,41,8,0,1
4522,54,8521,premium,25,3,1,1
4523,46,13213,basic,37,8,0,1
4524,69,8548,basic,28,5,0,0
4525,59,8255,basic,38,1,0,0
4526,41,13985,basic,28,5,0,0
4527,18,12774,basic,24,3,0,0
4528,22,8595,basic,12,2,0,0
4529,41,4099,premium,23,6,0,1
4530,47,7699,basic,43,2,0,0
4531,19,10793,basic,52,9,0,1
4532,24,5542,premium,7,8,0,1
4533,54,8984,enterprise,11,7,0,1
4534,57,10564,basic,30,0,0,0
4535,19,3105,enterprise,42,9,1,1
4536,44,9405,basic,11,4,1,1
4537,22,11588,premium,20,7,0,1
4538,55,4786,basic,3,1,0,0
4539,61,9129,premium,4,7,0,1
4540,63,11222,basic,9,3,0,0
4541,49,2575,enterprise,44,7,0,1
4542,50,10373,enterprise,52,2,0,0
4543,66,5376,basic,30,9,0,1
4544,49,7165,basic,11,7,0,1
4545,41,10424,basic,55,4,0,0
4546,57,2057,basic,17,4,1,1
4547,48,2218,premium,10,0,0,0
4548,61,7805,premium,9,2,0,0
4549,45,14346,basic,21,7,0,1
4550,63,2078,basic,44,8,0,1
4551,20,12254,enterprise,24,9,0,1
4552,19,2974,basic,27,0,0,0
4553,23,8356,premium,21,2,0,0
4554,46,7597,basic,56,7,0,1
4555,54,8085,basic,41,3,0,0
4556,29,3064,basic,40,2,0,0
4557,26,11795,basic,26,2,0,0
4558,62,5583,premium,32,9,1,1
4559,57,12023,basic,53,8,0,1
4560,51,10521,premium,39,0,0,0
4561,43,9166,premium,49,8,0,1
4562,39,6011,basic,3,5,0,0
4563,19,10479,basic,51,8,0,1
4564,27,14969,premium,57,6,0,1
4565,64,14000,premium,40,6,0,1
4566,35,13911,basic,57,5,0,0
4567,54,4856,basic,34,7,1,1
4568,54,9609,premium,17,8,0,1
4569,34,7171,basic,36,5,1,1
4570,28,14570,premium,38,1,1,1
4571,53,14351,basic,9,0,1,1
4572,22,13284,premium,12,4,0,0
4573,43,4115,basic,18,4,1,1
4574,64,6145,premium,33,8,0,1
4575,54,11246,basic,9,0,1,1
4576,57,11744,basic,46,8,0,1
4577,22,6553,basic,7,0,0,0
4578,28,3778,premium,56,4,0,0
4579,32,3779,basic,40,4,0,0
4580,33,10899,basic,21,5,0,0
4581,28,7904,premium,22,0,0,0
4582,68,8384,basic,41,7,0,1
4583,26,12599,basic,6,1,0,0
4584,54,2218,premium,43,7,0,1
4585,48,11808,premium,33,5,0,0
4586,49,5564,premium,14,8,0,1
4587,29,14105,basic,53,9,0,1
4588,33,14419,basic,38,8,0,1
4589,49,8527,premium,10,4,0,0
4590,33,6105,basic,39,4,0,0
4591,54,5031,premium,25,6,0,1
4592,20,4358,basic,46,6,1,1
4593,21,14989,enterprise,30,7,0,1
4594,55,4437,premium,59,4,0,0
4595,50,7805,basic,55,4,0,0
4596,20,8229,basic,3,1,1,1
4597,64,10829,basic,25,1,0,0
4598,18,12954,basic,12,8,0,1
4599,67,9253,premium,27,9,0,1
4600,55,11854,basic,9,6,0,1
4601,69,9366,basic,32,3,0,0
4602,67,7679,basic,10,0,1,1
4603,34,4050,premium,37,0,1,1
4604,57,4713,basic,27,6,0,1
4605,28,7621,basic,59,6,0,1
4606,42,2598,enterprise,52,2,0,0
4607,30,6112,basic,36,1,1,1
4608,43,8014,basic,27,0,1,1
4609,63,8144,enterprise,43,6,0,1
4610,40,12592,basic,40,6,0,1
4611,22,14579,enterprise,9,3,0,0
4612,34,11485,premium,23,7,0,1
4613,58,3033,premium,59,8,0,1
4614,45,7311,basic,19,5,0,0
4615,47,11488,basic,1,2,0,0
4616,40,9731,basic,50,0,0,0
4617,33,7951,basic,56,7,1,1
4618,49,7671,basic,39,5,0,0
4619,50,7277,basic,38,3,0,0
4620,64,9527,premium,21,0,0,0
4621,50,4324,basic,22,8,0,1
4622,69,8727,premium,54,9,0,1
4623,60,4676,enterprise,51,4,0,0
4624,22,10852,premium,30,2,0,0
4625,38,13241,premium,19,6,0,1
4626,38,8600,premium,12,8,0,1
4627,18,7038,basic,1,5,0,0
4628,27,14227,basic,29,0,1,1
4629,57,10575,enterprise,33,1,0,0
4630,36,7564,premium,40,0,0,0
4631,25,2374,premium,48,4,0,0
4632,32,2206,enterprise,22,4,1,1
4633,32,4879,basic,10,5,0,0
4634,27,5072,basic,50,7,0,1
4635,23,11378,premium,45,1,0,0
4636,57,8507,basic,32,9,0,1
4637,60,14999,basic,3,2,0,0
4638,43,9027,premium,28,5,1,1
4639,50,13740,premium,37,2,0,0
4640,65,9181,basic,51,3,0,0
4641,61,6656,premium,30,8,0,1
4642,19,11289,basic,28,0,0,0
4643,67,7842,premium,23,4,0,0
4644,21,5570,basic,25,5,0,0
4645,19,8151,premium,1,5,0,0
4646,38,10643,basic,7,3,0,0
4647,56,6882,basic,45,3,1,1
4648,22,11152,basic,22,9,0,1
4649,33,14749,basic,51,2,0,0
4650,31,7346,basic,24,4,0,0
4651,38,5838,premium,59,3,0,0
4652,69,7228,premium,11,7,0,1
4653,35,12897,basic,12,8,0,1
4654,28,4326,premium,35,8,1,1
4655,24,14657,premium,48,0,0,0
4656,28,7381,premium,9,0,0,0
4657,24,12940,basic,30,3,0,0
4658,47,12228,basic,14,4,0,0
4659,39,12186,enterprise,44,0,0,0
4660,43,13816,basic,34,8,0,1
4661,61,4403,basic,39,8,0,1
4662,48,9716,premium,16,4,1,1
4663,26,3287,basic,18,7,0,1
4664,37,5891,premium,38,5,0,0
4665,34,2527,basic,21,6,0,1
4666,60,10869,premium,41,8,0,1
4667,33,9900,enterprise,10,0,1,1
4668,25,11621,enterprise,18,2,0,0
4669,56,4290,enterprise,6,4,0,0
4670,40,6318,premium,6,8,0,1
4671,22,10792,basic,16,5,0,0
4672,53,12745,enterprise,29,3,0,0
4673,28,13513,enterprise,9,0,1,1
4674,63,2958,basic,6,5,0,0
4675,61,7232,basic,52,2,0,0
4676,37,2139,basic,31,3,0,0
4677,46,12640,basic,43,9,0,1
4678,47,3598,premium,43,5,0,0
4679,51,12687,basic,6,1,0,0
4680,21,4028,basic,37,0,0,0
4681,34,2199,basic,51,3,0,0
4682,26,13426,basic,27,0,1,1
4683,54,7704,enterprise,51,4,0,0
4684,21,7524,basic,56,4,0,0
4685,44,10407,basic,33,8,0,1
4686,55,5574,basic,7,3,0,0
4687,67,10980,premium,37,2,0,0
4688,32,7577,premium,52,6,0,1
4689,18,5544,basic,35,6,0,1
4690,55,7132,basic,48,0,0,0
4691,18,2079,basic,32,0,0,0
4692,21,5919,basic,25,1,1,1
4693,69,9688,premium,56,7,0,1
4694,62,3792,basic,10,2,0,0
4695,54,3541,basic,27,9,0,1
4696,61,10526,basic,10,4,0,0
4697,21,7567,basic,39,9,0,1
4698,22,3775,basic,55,2,0,0
4699,33,11721,basic,59,4,0,0
4700,19,12080,basic,14,1,0,0
4701,64,2451,basic,43,8,0,1
4702,20,4621,basic,52,5,0,0
4703,46,6814,enterprise,50,0,0,0
4704,62,11507,basic,30,7,0,1
4705,56,2962,basic,11,8,0,1
4706,30,12472,basic,28,6,0,1
4707,42,6152,premium,46,8,0,1
4708,46,3629,enterprise,37,2,0,0
4709,57,13223,premium,23,4,0,0
4710,40,3127,premium,13,8,0,1
4711,32,3684,premium,39,6,0,1
4712,59,14344,basic,26,6,0,1
4713,64,8754,premium,28,7,0,1
4714,43,8019,premium,56,6,0,1
4715,19,10935,basic,1,1,0,0
4716,44,10193,basic,15,2,0,0
4717,64,9976,basic,55,7,0,1
4718,69,2302,basic,55,2,1,1
4719,38,9172,premium,18,6,1,1
4720,25,5623,basic,59,4,0,0
4721,47,12499,premium,13,6,0,1
4722,61,8570,enterprise,4,2,0,0
4723,67,3608,basic,19,3,0,0
4724,20,13520,basic,32,6,0,1
4725,33,5695,premium,1,1,0,0
4726,42,5528,premium,11,3,0,0
4727,23,14171,basic,47,9,0,1
4728,64,12077,basic,37,1,0,0
4729,23,13173,premium,36,5,0,0
4730,52,10608,enterprise,59,1,0,0
4731,65,13836,basic,14,7,0,1
4732,53,3498,basic,53,1,0,0
4733,57,9799,enterprise,21,5,0,0
4734,31,5813,basic,55,4,1,1
4735,61,7179,basic,47,6,0,1
4736,39,5092,basic,13,0,0,0
4737,21,4665,basic,13,5,0,0
4738,37,7752,basic,32,5,1,1
4739,36,13937,premium,30,2,0,0
4740,45,10259,premium,14,2,0,0
4741,31,6541,basic,16,7,0,1
4742,42,7634,basic,54,5,0,0
4743,40,8887,basic,45,5,0,0
4744,34,5178,premium,12,9,0,1
4745,54,8775,premium,43,4,0,0
4746,33,11046,premium,10,8,0,1
4747,57,5161,premium,27,9,0,1
4748,31,9598,premium,1,5,0,0
4749,62,11208,premium,39,2,0,0
4750,36,8751,basic,11,4,0,0
4751,20,5795,enterprise,14,0,0,0
4752,25,9207,premium,12,6,0,1
4753,59,12312,basic,11,2,0,0
4754,63,4884,basic,5,9,1,1
4755,29,9470,premium,33,6,0,1
4756,49,10845,basic,52,4,0,0
4757,47,6179,premium,18,1,0,0
4758,24,7037,basic,47,0,0,0
4759,41,13555,basic,33,6,0,1
4760,54,6725,basic,16,7,0,1
4761,68,9777,premium,4,2,0,0
4762,62,3946,basic,47,0,0,0
4763,23,14037,premium,2,3,0,0
4764,30,9758,basic,25,7,1,1
4765,40,11884,basic,3,5,0,0
4766,25,9834,basic,46,0,1,1
4767,47,6621,basic,59,1,0,0
4768,18,6423,premium,20,1,0,0
4769,23,11115,premium,19,7,0,1
4770,20,13178,basic,34,7,0,1
4771,33,3659,basic,30,4,0,0
4772,57,12990,premium,23,6,0,1
4773,27,12790,premium,22,0,0,0
4774,69,3417,basic,12,5,0,0
4775,32,3406,premium,15,2,0,0
4776,20,11035,basic,35,8,0,1
4777,35,12956,basic,44,4,0,0
4778,56,7119,premium,45,8,0,1
4779,23,10328,premium,31,5,0,0
4780,21,14996,premium,45,4,0,0
4781,62,6196,basic,35,9,0,1
4782,48,4925,basic,22,9,0,1
4783,35,14891,premium,21,4,0,0
4784,57,5646,basic,31,3,0,0
4785,61,8143,basic,19,6,0,1
4786,36,7747,premium,46,1,0,0
4787,47,8801,basic,11,3,0,0
4788,18,5493,basic,4,8,1,1
4789,33,10827,basic,29,8,0,1
4790,48,10995,enterprise,5,4,0,0
4791,28,4607,basic,12,3,0,0
4792,69,8251,basic,23,8,0,1
4793,68,2745,basic,1,2,1,1
4794,31,4871,basic,14,0,0,0
4795,38,14833,basic,33,0,0,0
4796,27,8582,premium,23,1,0,0
4797,44,10095,basic,53,8,0,1
4798,24,13554,basic,6,0,0,0
4799,38,11278,basic,43,3,0,0
4800,46,12301,basic,35,6,0,1
4801,49,11256,basic,39,6,0,1
4802,49,8484,premium,40,8,0,1
4803,29,10223,premium,4,9,0,1
4804,59,5750,premium,47,4,0,0
4805,53,13575,basic,20,2,0,0
4806,57,4338,premium,39,0,0,0
4807,42,13493,premium,18,8,0,1
4808,64,13418,basic,24,3,0,0
4809,38,3849,basic,42,8,0,1
4810,59,11232,premium,56,3,0,0
4811,28,14865,basic,52,7,0,1
4812,30,9438,basic,43,6,1,1
4813,45,6424,premium,32,7,0,1
4814,46,13432,basic,32,6,0,1
4815,56,8663,enterprise,57,3,0,0
4816,33,3581,basic,13,1,0,0
4817,63,5240,basic,57,0,0,0
4818,35,10872,basic,39,4,0,0
4819,45,7919,basic,37,8,0,1
4820,66,4817,premium,35,6,1,1
4821,46,12387,premium,48,6,1,1
4822,53,3567,enterprise,41,2,0,0
4823,65,4847,basic,6,4,0,0
4824,68,8052,basic,47,4,0,0
4825,43,2513,basic,43,1,0,0
4826,39,7036,basic,54,6,0,1
4827,28,13829,enterprise,56,3,1,1
4828,45,14235,basic,56,4,0,0
4829,65,13335,basic,3,5,0,0
4830,43,6211,basic,38,0,1,1
4831,36,2843,premium,56,9,0,1
4832,23,12593,basic,57,2,1,1
4833,38,6853,premium,33,6,0,1
4834,30,11734,premium,54,7,0,1
4835,68,3549,premium,52,1,0,0
4836,45,10683,basic,1,2,0,0
4837,25,9623,basic,53,4,1,1
4838,21,13965,basic,38,8,0,1
4839,62,3325,premium,34,6,0,1
4840,66,7303,enterprise,11,4,0,0
4841,57,14869,basic,55,8,0,1
4842,24,7065,basic,18,4,1,1
4843,23,10554,basic,25,8,1,1
4844,28,4092,premium,18,7,0,1
4845,57,11469,basic,58,1,1,1
4846,57,5584,basic,29,3,0,0
4847,61,9438,premium,7,0,0,0
4848,23,13437,basic,1,2,0,0
4849,25,10593,basic,58,0,0,0
4850,64,8166,basic,14,1,0,0
4851,66,4470,basic,46,0,0,0
4852,55,6437,premium,2,6,1,1
4853,23,13040,basic,53,4,0,0
4854,21,4809,basic,39,4,0,0
4855,20,10531,basic,14,7,0,1
4856,53,8304,basic,53,8,0,1
4857,61,6171,premium,18,5,0,0
4858,50,11316,premium,59,4,0,0
4859,31,6707,basic,36,6,1,1
4860,57,5726,basic,27,4,0,0
4861,21,8880,basic,4,4,0,0
4862,61,11850,basic,16,2,0,0
4863,64,13233,basic,4,1,1,1
4864,55,10187,enterprise,51,1,1,1
4865,63,10605,basic,6,6,1,1
4866,48,12238,basic,7,8,0,1
4867,42,5500,basic,8,4,1,1
4868,34,5261,premium,58,0,0,0
4869,65,8291,basic,58,6,1,1
4870,54,10203,enterprise,43,9,0,1
4871,27,10397,basic,5,5,0,0
4872,67,3998,premium,30,0,0,0
4873,21,12147,premium,56,0,0,0
4874,48,6729,basic,6,5,0,0
4875,27,13404,basic,47,8,0,1
4876,52,11416,basic,2,0,0,0
4877,39,14778,premium,48,7,1,1
4878,40,10211,premium,33,7,0,1
4879,52,8857,basic,53,0,0,0
4880,57,4442,basic,25,2,0,0
4881,37,7182,basic,47,0,0,0
4882,69,13158,basic,50,5,0,0
4883,43,6966,premium,20,1,0,0
4884,26,2693,basic,38,9,0,1
4885,18,5186,basic,28,0,0,0
4886,28,9737,premium,26,6,0,1
4887,53,10178,premium,48,7,0,1
4888,46,14789,premium,14,1,0,0
4889,35,14140,basic,8,2,0,0
4890,43,8909,enterprise,29,7,0,1
4891,61,9208,basic,49,0,0,0
4892,47,12408,basic,10,4,0,0
4893,21,2632,basic,21,2,0,0
4894,20,9737,premium,40,0,0,0
4895,43,8162,basic,29,4,0,0
4896,39,12180,premium,36,4,0,0
4897,62,12404,premium,32,3,0,0
4898,48,10522,premium,48,8,0,1
4899,57,10544,premium,52,0,0,0
4900,48,10984,enterprise,27,4,0,0
4901,35,9541,basic,26,1,0,0
4902,52,4961,basic,17,7,0,1
4903,50,5698,premium,27,5,1,1
4904,55,11643,basic,50,7,0,1
4905,27,10038,basic,30,1,0,0
4906,51,5092,premium,41,4,1,1
4907,32,13412,basic,25,0,0,0
4908,59,14748,premium,42,3,0,0
4909,59,10139,basic,43,9,1,1
4910,50,4961,premium,32,7,0,1
4911,67,14197,basic,56,0,0,0
4912,45,5076,premium,52,3,0,0
4913,19,7622,premium,10,8,0,1
4914,49,13162,basic,14,1,0,0
4915,58,8768,basic,57,7,0,1
4916,23,5158,basic,24,3,0,0
4917,23,3041,basic,19,4,0,0
4918,32,6691,basic,47,8,1,1
4919,61,10737,basic,36,6,0,1
4920,45,11290,premium,8,2,1,1
4921,68,4898,basic,6,0,0,0
4922,63,4063,basic,48,2,1,1
4923,46,11118,basic,46,4,0,0
4924,53,4067,basic,21,1,0,0
4925,35,2835,basic,51,8,0,1
4926,22,8322,enterprise,8,0,0,0
4927,38,9421,premium,52,5,0,0
4928,48,5168,basic,5,9,0,1
4929,27,4745,premium,38,3,0,0
4930,29,5063,basic,50,5,1,1
4931,18,6456,basic,37,0,1,1
4932,56,2120,premium,46,7,0,1
4933,64,2152,basic,21,9,0,1
4934,61,6815,basic,17,7,0,1
4935,37,2258,premium,16,1,0,0
4936,48,6137,basic,7,3,1,1
4937,67,9551,basic,17,7,0,1
4938,48,2405,basic,15,7,0,1
4939,33,10031,premium,45,4,0,0
4940,35,10076,premium,13,9,0,1
4941,55,9453,enterprise,10,2,1,1
4942,41,10146,basic,44,7,0,1
4943,61,12520,premium,32,4,0,0
4944,62,2920,basic,13,7,0,1
4945,19,4194,basic,42,5,0,0
4946,55,6121,basic,13,4,0,0
4947,37,10945,premium,47,8,0,1
4948,45,13346,basic,2,8,0,1
4949,31,13942,premium,35,8,0,1
4950,37,9568,basic,36,0,1,1
4951,35,7331,basic,22,4,0,0
4952,20,7355,enterprise,41,7,0,1
4953,58,2777,premium,23,8,0,1
4954,25,8046,basic,39,3,1,1
4955,37,8666,premium,14,7,0,1
4956,28,4707,basic,34,5,1,1
4957,26,11983,premium,45,2,0,0
4958,37,12554,basic,57,8,0,1
4959,65,5926,basic,22,4,0,0
4960,67,13882,basic,28,6,1,1
4961,37,3392,basic,29,2,0,0
4962,44,13838,basic,51,0,0,0
4963,69,11985,basic,57,4,1,1
4964,30,4911,enterprise,39,7,1,1
4965,67,10452,basic,49,3,0,0
4966,23,6039,basic,5,9,0,1
4967,29,12396,basic,45,7,0,1
4968,35,4088,premium,48,6,0,1
4969,19,5183,basic,43,8,0,1
4970,60,5993,basic,35,8,0,1
4971,62,4595,premium,54,7,1,1
4972,37,6326,basic,39,8,0,1
4973,61,9833,enterprise,50,7,1,1
4974,58,10230,basic,11,8,0,1
4975,59,9201,premium,40,1,0,0
4976,59,4465,basic,26,3,0,0
4977,47,4631,premium,52,8,0,1
4978,23,13952,premium,52,4,0,0
4979,66,5267,basic,50,0,0,0
4980,49,3340,basic,13,8,0,1
4981,64,7901,basic,30,6,0,1
4982,67,2089,basic,1,9,0,1
4983,27,6454,enterprise,58,0,0,0
4984,38,13114,basic,16,1,0,0
4985,28,5476,premium,37,5,0,0
4986,20,11149,enterprise,29,1,0,0
4987,68,8367,premium,54,5,0,0
4988,66,6619,premium,49,3,0,0
4989,66,10600,basic,46,2,0,0
4990,63,9741,basic,38,7,0,1
4991,51,6137,basic,8,0,0,0
4992,45,4906,basic,55,8,0,1
4993,69,13918,basic,4,1,0,0
4994,46,4189,basic,27,5,0,0
4995,51,14473,basic,23,9,1,1
4996,29,8124,basic,24,1,0,0
4997,56,14957,basic,58,9,0,1
4998,60,6591,basic,14,3,0,0
4999,53,9351,basic,35,7,0,1
5000,43,9997,basic,13,8,0,1
